번호,통화일시,신고내역(위치),동물종
1,2021-01-05 10:33,신리천로606-** ,부엉이
2,2021-01-05 11:00,주문진읍 신리광장 음식점 앞,고양이
3,2021-01-08 18:02,강릉경찰서 ~ 강릉역 로타리 사이 우체국 지나서 주유소 앞 도로,불명
4,2021-01-08 18:16,입암4주공 도로 앞 강아지 사체  돈가스클럽 맞은편 인도 강아지 다쳐있음. ,강아지
5,2021-01-11 16:54,"위치 X, 고양이가 독살당한것 같다고 문의하여 축산과로 즉시 연결",고양이
6,2021-01-11 16:54,포남동 자비원 옆 공원,고양이
7,2021-01-11 17:28,주문진~강릉나가는 사천 내려가는 길 사천농협주유소 전,불명
8,2021-01-12 11:53,구정면 범일로 구정초 부근,고양이
9,2021-01-12 13:57," 주문진 , 동광석재 , 석재 쌓아놓은 인도쪽 ",강아지
10,2021-01-14 14:34,"안목 매장앞에 동물 사체 - 고양이 안목 순두부젤라또  , 주차장앞쪽에 사체 (동해상사 버스정류장쪽)",불명
11,2021-01-15 08:53,"가곡막국수 건너편, 병천순대국 가게앞 인도",고라니
12,2021-01-19 11:08,강릉수영장 약간 바로위  남강릉ic방향의 건너편 중앙선차선에 있음,고라니
13,2021-01-19 12:09,다친 비둘기강릉역앞 블루핀오피스텔 1층,비둘기
14,2021-01-20 10:52,구정리 오독빼기 전수관에서 테라로사 커피 공장 가는 길  방지턱 두번째 중앙선 쪽 ,고양이
15,2021-01-20 12:56,정동진 조각공원 안에 옛날 범선 카페앞 조형물있는곳에  상처 입음 동물있음. ,너구리 or 오소리 
16,2021-01-20 18:16,오죽헌~문성고가는 길 중간,고양이
17,2021-01-21 09:37,산행 하다 산에 다친고라니가있어서 신고,고라니
18,2021-01-21 10:42,주문진~강릉방향 7번국도 청솔공원 못미쳐서 1차선이랑 2차선 사이 동물사체,불명
19,2021-01-21 12:19,강릉역 부근 홍스떡볶이앞 고양이사체,고양이
20,2021-01-21 16:44,"주문진, 다친 검둥오리 /신리하천  주문진 터미널부근",검둥오리
21,2021-01-25 16:03,솟대다리 근처 ( 강문어촌계 성황당 뒷편),고라니
22,2021-01-26 12:49,칠성로571 (상호 : 서림건설) 앞 도로,강아지
23,2021-01-26 13:23,내곡교 다리 (의료원 방면),고양이
24,2021-01-27 08:40,화부산주유소 옆 인도,고양이
25,2021-01-27 13:20,"시청 건너편 , 터미널에서 유천가는 회전교차로",하얀색 동물 사체
26,2021-01-28 09:16, 교도소쪽으로 나가는 사임당로(  미디어촌 ) 수레정비센터 부근 1차로 ,노루
27,2021-01-28 09:39,서부지구대 -> 사임당로 40 고릴라캠핑 앞,양으로 추정
28,2021-01-28 09:45,강릉교도소 와 오른쪽 영동전문대 사이 유천지구들어가는 길목,고라니
29,2021-02-05 10:29,주문진 신리천교 다리밑에 있음,고양이
30,2021-02-08 17:30,강릉대학교지나서 썸머키친 그 앞 쓰레기 모아둔곳 파란쓰레기 봉투옆 박스,고양이
31,2021-02-08 18:14,양우내안아파트 ~ 신화아파트 도로 변,고양이
32,2021-02-10 10:31,율곡로 3167,고양이
33,2021-02-10 12:24,중앙시장 강변주차장 윗편 전신주 번호(9636C131) / 잠수교 다리 기준으로 남대천방향 잠수교 지나서 내리막길 ,고양이
34,2021-02-15 09:09,입암동 롯데마트~더샵으로 가는 골목길,고양이
35,2021-02-16 08:19,"남항진 공항대교, ( 주유소 맞은편)  길거리",강아지
36,2021-02-16 08:56,병산동 낚지대장 앞 ,고라니
37,2021-02-17 17:56,관동대학교~ 기산아파트 방향 ,고양이
38,2021-02-23 10:10,"안인에서 강릉으로 들어오는 방향, 하시동4거리가기전 동물사체 2개.",불명
39,2021-02-23 10:31,주문진 주영초교지나 소돌방향 서민수퍼앞,고양이
40,2021-02-24 16:53,내곡동 노래곡막국수 건너편,고양이
41,2021-02-24 16:58,"노래곡 막국수 건너편쪽, 로드킬신고",불명
42,2021-02-24 17:24,남부로17번길 폴리택과 관동대사이 ,고양이
43,2021-02-25 08:20,로드킬신고남강릉ic에서 나와 조금만 직진하면 중앙선에 검정색고양이 사체있음.,고양이
44,2021-03-02 13:34,경포호수부근,고라니
45,2021-03-03 17:52,"로드킬, 고양이 같아보임. 버거킹쪽 사거리 ( 우회전하면 동해기정. 좌회전하면 버거킹)  법원-> 강릉대 지나서 제일 큰 사거리 , 중앙선 ",고양이 추정
46,2021-03-08 17:22,"식자재마트옆 아파트 부영6차, 돈까스 한밀 건너편 바위조경 구석에 ",고양이
47,2021-03-09 08:37,라카이 들어가는 원형로타리예서 즈므 양지마을로가는 도로 10미터~20미터지점  고라니 사체와 사고 잔여물( 범퍼),고라니
48,2021-03-09 08:59,경포라카이호텔 원형 회전교차로근처.우측에 바로있음~ 즈므마을 방향,고라니
49,2021-03-09 16:41,[로드킬] 폴리택대학 사거리 육교끝나는 지점( 관동대 가는 방향) 강아지 사체,강아지
50,2021-03-10 08:52,신화 아파트 교육청 언던길 고양이 로드킬 신고 ,고양이
51,2021-03-10 12:18,도로명 상유천길37-11 파인산업 바로 앞에 위치함,고양이
52,2021-03-11 08:52,[로드킬] 강릉~주문진교항리 극동아파트가 보이기 바로전 도로 2차선 ,고양이
53,2021-03-11 09:05,로드킬 신고 -> 주문진에서 강릉방향 국군병원 가기 직전 2차선 로드킬 신고 ,불명
54,2021-03-11 13:12,"난설헌로168, 고라니가 한쪽다리 다쳤다고 신고",고라니
55,2021-03-15 08:24,"로드킬,노암동 한라에서 우회전 ~ 시청방향 반대쪽(자이현장 100m)",불명
56,2021-03-15 08:30,[로드킬] 강릉시청~7번국도 타고 올라가는  다리 진입하자마자(풋살장가는 방향) ,강아지
57,2021-03-15 08:51,시청앞 7번국도상 다리위 위에 동물사체 있다고 하심. 어떤동물인지 모른다고 함.,불명
58,2021-03-15 09:04,강릉방향 - 주문진 방향 : 소금강 가는 방향 ,고양이
59,2021-03-15 09:09,주문진에서 양양방향으로 블루힐아파트 옆 7번국도상,고라니
60,2021-03-16 14:34,허균허난설헌주차장 ~건널편 초당한식.길편으로 사체있음,고라니
61,2021-03-16 16:42,고양이사체 신고(입암현대아파트 정문에 고양이 사체),고양이
62,2021-03-16 16:52,"길에 동물 사체 ( 입암동 하나로마트 맞은편 횡단보도, 고양이) ",고양이
63,2021-03-16 16:59,입암현대아파트 정문에 고양이 사체 있음,고양이
64,2021-03-16 17:01,도로가에 고양이 사체 - 입암동 현대 아파트쪽  농협 사거리 고양이 사체 ,고양이
65,2021-03-19 08:17,[로드킬]구정 남강릉 ic 가는쪽 사체,고라니
66,2021-03-19 15:52,[로드킬]이안아파트와 불향쭈꾸미앞 큰 도로 - 동물사체,불명
67,2021-03-22 12:31,"경포대신도브래뉴로얄카운티, 해안로 방향으로 고라니 사체있음",고라니
68,2021-03-22 12:56,[로드킬]원주대삼거리~ 7반국도 치대사거리.안마의자 삼거리 근방  고양이 사체,고양이
69,2021-03-23 16:51,다친 매 도움요청(안인화력발전소에서 동래가는 방향에 길),매
70,2021-03-24 09:07,"롯데주류~내곡한라아파트,",고양이
71,2021-03-24 18:01,포남 LH 아파트 비둘기 한마리가 차에 부딪혀 있음,비둘기
72,2021-03-25 10:18,안인삼거리에서 강릉시청 방향 오른쪽 주유소 있는데 중앙분리대 로드킬 신고 문의,불명
73,2021-03-29 11:24,[로드킬]라카이~센드파인 가는도로에  동물사체 ,불명
74,2021-03-30 08:54,[로드킬]경포인공폭포 다리 건너 경포산장 들어가는 초입 사천가는 방향 도로  가건물 앞 인도,강아지
75,2021-03-30 12:31,동물사체- 법원에서 뒷골목,불명
76,2021-03-31 08:24,솔올지구 사거리 기아자동차 매장앞쪽 로드킬,고양이
77,2021-03-31 08:43,치대가는 사거리 기아자동차매장 앞 고양이사체 신고 ,고양이
78,2021-04-01 17:02,멧돼지가 걸려 있다고 진고개로 퇴곡1리 다리건너,멧돼지
79,2021-04-02 08:34,교1동 원대로 143번길 16 ,고라니
80,2021-04-02 15:55,노암한라1 101동 뒤에 도로 사체있음,고양이
81,2021-04-05 08:24,[로드킬]노가니길 강남의원 앞 고양이 로드킬,고양이
82,2021-04-05 08:40,주택가 원약국 앞 고양이 로드킬,고양이
83,2021-04-05 09:04,야생로드킬 사체가 있다고 하심(난설헌로 144번길 갤러리밥스 식당 바로 뒷편에 로드킬 사체가 있다고 하심 ,불명
84,2021-04-05 12:34,로드킬 - 고양이 사체  어제본거임 인도에 있었음. 미니스톱 강릉 씨에스타점  ( 경포호-> 초당동 ) 초당 순두부 가는길쪽에 툇마루 카페쪽 버스정류장 근처,고양이
85,2021-04-06 17:15,로드킬신고 - 담쟁이인테리어 (임영로 225)맞은편 인도에 고양이인지 강아지인지 오래된 사체있음,고양이or 강아지
86,2021-04-07 08:53,"7번국도 강릉방향 연곡면내려가는길 조금지나서 있음. , 고양이사체",고양이
87,2021-04-07 09:01,강릉방향 연곡지점 ,고양이
88,2021-04-09 14:00,종합경기장 - 경포 가는 방향 로타리에서 운정교 삼거리 중간지점 로드킬 신고 문의,불명
89,2021-04-09 14:08,"경포-> 올림픽 파크 들어가는 도로, 고라니 사체",고라니
90,2021-04-12 10:03,고라니 로드킬 -> 성덕로 336(금호어울림) 동보상가 바로 앞 도로 고라니 로드킬 (남항진 가는길),고라니
91,2021-04-12 10:15,성덕로2321 금호어울림 아파트  공사하는 뒷길( 남항진쪽으로 )고라니 사체 죽어있음.  ,고라니
92,2021-04-13 09:42,대동강 주유소 맞은편 강아지 로드킬(아직 살아 있다고 하심),강아지
93,2021-04-14 14:56,"국민콜 -> 다친 고라니 있어서 전화를 주셨다고 하심 (아이스아레나에서 경포, 강문 방향으로 가는길)",고라니
94,2021-04-15 12:36,[로드킬]강남동 수원왕갈비 앞 고양이 사체,고양이
95,2021-04-15 13:02,"고라니 철조망같은데 끼어서  구조요청, 사천",고라니
96,2021-04-19 08:59,"시내 ~강동면사무소 가기 100m지점,고양이사체",고양이
97,2021-04-22 18:24,"노암동 병무청 맞은편 사거리에서 횡단보도 두개중 더샵쪽에 있는 횡단보도,",고양이
98,2021-04-23 17:14,고양이 로드킬 신고 전화를 주심 - 회산동 서희아파트 입구 ,고양이
99,2021-04-27 08:39,[로드킬]박월마을 수영장~남강릉 IC 방향으로 100미터 2차선 고라니사체,고라니
100,2021-04-27 18:08,"길고양이가 길에 치어서 어미는 죽었고 새끼만 살아있음.  홍가네 닭칼국수 근처,",길고양이
101,2021-04-28 17:25,"창해로85-17, 주택뒷쪽 ",고양이
102,2021-04-29 13:06,더샵아파트 앞 로타리 가기전 주유소 바로 앞 도로변 ,강아지
103,2021-04-29 17:14,동물사체 처리 -새가 죽어있음. 교동택지 동대문엽기떡복이 바로 앞에 쓰레기통 부근에 잇음,새
104,2021-04-30 08:38,"[로드킬]콩이네하우스~금강부동산 , 고라니사체",고라니
105,2021-04-30 08:39,"박월동 수영장 들어가는 마을에서 ~ 남강릉 ic. 학마을가는 방향 중간지점,",고라니
106,2021-04-30 14:18,"로드킬 - 고라니 , 7번 국도 동해 2터널 옥계쪽으로 갓길",고라니
107,2021-05-03 18:25,"로드킬신고, 노인복지센터(홍제동)~ 영동대학방향. 고양사체신고",고양이
108,2021-05-04 09:56,[로드킬] 구정울박물관~강원예고가는 방향 50ㄴ미터 까만색 커다란 동물,불명 (까만색 커다란 동물)
109,2021-05-04 10:31,경포오거리(오죽헌방향 건너목초입에 고라니 사체있음),고라니
110,2021-05-04 10:45,[로드킬]경포사거리 건너편 주문진방향으로 오른쪽횡단보도 가운데 고라니 사체 ,고라니
111,2021-05-04 10:51,야생동물 신고 -  고라니 사체  ( 경포교차로) ,고라니
112,2021-05-04 10:58,경포대 사거리 고라니 로드킬 문의,고라니
113,2021-05-04 11:03,경포사거리입구_주문진뱡향 횡단보도 고라니 ,고라니
114,2021-05-06 12:28,오리나루1길  7-5 . 집 하수구 쪽 고양이 사체,고양이
115,2021-05-07 14:18,"고라니 사체 - 도롯가에 치어 밭 옆, 사천면 아침바다 앞에 도로가 옆에 작은 감자밭이 있고, 밭 앞에 파란망이 있고 절 들어가는 입구 비석 옆에 그물인데 쌓여죽어있음.  죽은 2~3일 된거같음",고라니
116,2021-05-10 08:31,금강부동산~콩이네하우스 가는길에 철도길밑 고라니사체 ,고라니
117,2021-05-10 08:31,로드킬 -> 강릉수영장 가는 남강릉 ic 가는 방향 고라니 로트킬 ,고라니
118,2021-05-10 08:36,로드킬 신고 -> 강릉시청에서 택시 넘어가는 방향 고양이 로드킬 ,고양이
119,2021-05-10 08:53,시청~7번국도 올라가자마자 우측에 고양이사체,고양이
120,2021-05-11 08:32,자이현장 건너편 동해방면 150미터 지점 고양이 사체,고양이
121,2021-05-12 11:21,보헤미안커피숍 ~강문방향으로 고라니 사체있음,고라니
122,2021-05-13 08:36,로드킬 -> 남강릉 ic 에서 강릉수영장 사거리 부근 중앙선 고양이 로드킬 ,고양이
123,2021-05-13 08:39,"남강릉ic~시내방향, 금강부동산 부근 신호단속카메라 있는곳에 개인지 고양이인지 사체있다고 문의",강아지or고양이
124,2021-05-13 08:55,로드킬 -> 송정한신더휴 정문  들어가는  입구 조금 지나서 도로변 고양이 로드킬 ,고양이
125,2021-05-13 13:52,"까치새끼가 둥지에서 떨어져 어미가 지나가는 행인들을 쪼고 있다고함..한국투자증권 옥천오거리, 홈플러스 건너편",새끼까치
126,2021-05-14 09:02,로드킬 -> 주문진에서 현덕사 빠지는 길 가기전 고라니 로드킬 ,고라니
127,2021-05-14 17:02,내곡동 남부로 18번길 92-2  다친새 구조요청 ,새
128,2021-05-17 11:30,[로드킬]연곡면 영진길 영진입구 버스정류장 백미터털어진 인도 숲덤블에 강아지 사체,강아지
129,2021-05-17 11:37,고라니 사체 신고- 운산길115-4 운산철물농자재,고라니
130,2021-05-18 13:01,고양이 로드킬 신고(연곡면 유동리에서 퇴곡1리사이 도로),고양이
131,2021-05-18 13:05,"심곡항,바다향기가(상호)철새가 다쳤다고 문의",철새
132,2021-05-18 13:18,[로드킬]고양이 로드킬 신고(연곡면 유동리에서 퇴곡1리사이 도로) 건 외 바로 위 강변식당 도로에 새한마리가 로드킬당함,새
133,2021-05-18 14:41,"아산병원 사거리 방향,  과학단지 빠지는길 조금 못가서 동물사체 있다고 함.",불명
134,2021-05-24 17:54,"고양이사체신고(초당분수공원 회전교차로 송정, 안목방향에 고양이 사체)",고양이
135,2021-05-26 10:44,뒷집에 고양이사체 처리요청.,고양이
136,2021-05-26 14:24,과학산업단지에서 유천택지 방향의 사임당로 첫번째 터널 주변 1차선에 고양이사체있음,고양이
137,2021-05-26 14:35,사임당로에서 사천가는 방향 무인텔 바로 앞 로드킬 ,불명
138,2021-05-26 17:53,도로에 로드킬 당한 고양이 - 양양휴휴암-> 강릉 . 미노고가교  1차선,고양이
139,2021-05-27 08:34,모루도서관 입구 횡단보도 고양이 사체 ,고양이
140,2021-05-28 14:50,"도로에 동물사체. 칠성로 남강릉 ic~법왕사 가는도로, 고양이사체/",고양이사체
141,2021-05-28 16:52,"110, 고양이 사체 - 홍제로 7-9 주변 현대모비스앞에 검은색 고양이 사체 있음",고양이
142,2021-06-01 09:00,[로드킬]고라니 사체-영진리 삼호그린아파트앞 도로가,고라니
143,2021-06-02 08:47,"고라니사체, 강릉~주문진 영진주유소 앞",고라니
144,2021-06-03 15:48,"고라니 사체,기산아파트~구정프라자약국(본터오리고기 가기전)주유소 근처 ",고라니
145,2021-06-03 16:01,"고라니 사체,기산아파트~구정프라자약국(본터오리고기 가기전)주유소 근처 ",고라니
146,2021-06-03 16:15,로드킬 구정프라자 약국 가는길-고라니사체,고라니
147,2021-06-04 10:09,날개다친새 도움요청강릉대로 266 kcc페인트가게 앞,새
148,2021-06-04 15:19,"경북수도(강릉시 원대로42) 앞, 도로중앙에 개로드킬신고",강아지
149,2021-06-04 15:29,관동중학교 바로 앞 원대로 주유소 근처 도로 로드킬 신고 문의,불명
150,2021-06-04 15:51,"터미널에서 택지넘어가는 우체국집중국말고,하이마트쪽 도로변 큰개가 죽어있음",큰 개
151,2021-06-07 13:34,동물 사체 - 강중앞에 도로변에 고양이 사체  강릉중학교-> 시내방향 도로에 고양이 사체 ,고양이
152,2021-06-08 16:18,교동 주유소 버스 정류장 바로 앞 고양이 로드킬 신고 문의,고양이
153,2021-06-09 10:08,[로드킬] 주문진읍 거문동길 방앗간 앞 도로에 고라니 사체,고라니
154,2021-06-11 13:27,임당동 가게 앞쪽 길가에 죽은고양이가 있음,고양이
155,2021-06-11 14:37,동물 사체- 남강릉 IC 나와서 박월동쪽으로 오다가 큰사거리 지나서  커브길   고라니 사체,고라니
156,2021-06-15 12:28,[로드킬]즈므마을~경포 가는 새로난 도로 (위에는 고가있는)가다보면 지에스 주유소 지나서 고라니 사체,고라니
157,2021-06-16 17:18,[로드킬]고양이 로드킬건 관련 담당자 연결/ 농수산물시장 가기전 공사구간도로 (시내쪽으로 나오는 도로) 주유소옆 도로가에 고양이 로드킬,고양이
158,2021-06-16 17:25,"강원도 콜센터- 입암동상덕포남동 78, 인도변 고양이사체 ",고양이
159,2021-06-18 08:54,옛날집추어탕 앞(노암동- 칠성로623) 버스정류장 부근 고양이사체,고양이
160,2021-06-21 08:58,7번국도 원주대 지나자마자 2차선에 사체있는데 무슨동물인지 모르겠다고 하심.,불명
161,2021-06-21 13:15,"도로 고양이 로드킬신고,입암동, 성덕초등학교 부근 대목아파트~ 갈비드림무한리필 앞 쓰레통있는곳.도로에있는사체를 쓰레기통쪽으로 옮겨놈",고양이
162,2021-06-21 14:07,[로드킬]18전투비행단~ 시내쪽으로 올라오는 다리 건너기 전 1차로와2차 주황색 고양이,고양이
163,2021-06-22 08:39,주문진 서희 아파트 도로변 투다리 앞 고양이 로드킬 신고 ,고양이
164,2021-06-22 11:12,공군비행장앞 사거리에서 시내방향. 고양이로드킬,고양이
165,2021-06-22 11:25,강동면사무소~농산물시장사거리까지 2마리 고양이 사체있다고 연락주심,고양이
166,2021-06-23 17:56,고양이 로드킬신고(사천~홍제동쪽으로 이동중이며 금강휀스 근처에있다고함),고양이
167,2021-06-24 12:34,입암로33 /1층상가주차장 고양이사체,고양이
168,2021-06-24 12:36,"로드킬 -> 입암로 33, 더샵아파트 정문 앞 이마트 편의점 옆 카페 주차장 고양이 로드킬 신고",고양이
169,2021-06-25 08:45,로드킬 ->주문진에서 강릉방향  즈므고가 지나서 gs주유소 중앙분리대 고라니 로드킬,고라니
170,2021-06-25 10:17,로드킬 -> 연곡캠핑장에서 연곡다리 전 길가에 고라니 로드킬 ,고라니
171,2021-06-25 10:32,솔향기 캠핑장에서 다리 건너가는 방향 로드킬 신고 문의,불명
172,2021-06-25 11:58,"7번국도, 아산병원~시내방면, 지변동주유소 gs칼텍스 10미터전, 고라니사체",고라니
173,2021-06-29 10:09,강릉에서 주문진 방향 아산병원들어가는 길 고양이 로드킬 문의,고양이
174,2021-06-30 08:36,"주문진방향, 7번국도 상(왼쪽에 대성공업사가 보인다고함.) 고라니 사체",고라니
175,2021-06-30 11:56,"포남동 산호전기 앞, 고양이 사체",고양이
176,2021-06-30 11:57,송정동신도브래뉴1차  후문쪽 길가 고양이 사체,고양이
177,2021-06-30 11:59,"산호전기조명 포남동, 도로가 고양이 사체 ",고양이
178,2021-06-30 16:04,강릉 세븐일레븐 편의점(경포수호텔)입구 바로 옆 비둘기 로드킬 ,비둘기
179,2021-07-01 08:33,남강릉ic 거의 다가서 고양이사체,고양이
180,2021-07-01 09:00,고양이사체 신고(회산교에서 롯데주류 정문방향에 아기 고양이 사체),고양이
181,2021-07-01 11:11,고양이사체- 도로명주소 명주로64번길1 맞은편 음식물 쓰레기통근처에 있음,고양이
182,2021-07-01 17:28,[로드킬] 입암동 원마트~중앙고등학교 후문가는 도로 고양이 로드킬,고양이
183,2021-07-01 17:28,로드킬 .입암동 원마트 ~ 중앙고 후문 쪽 고양사체,고양이
184,2021-07-02 13:32,새 로드킬신고(택지 우편집중국에서  택지방향의 도로),새
185,2021-07-02 16:17,고양이사체 신고(남산막국수 가게 건너편 도로),고양이사체
186,2021-07-06 10:49,고양이 사체신고.강릉에서 정동진방향으로 안인방향의 좌회전구간 1km전 지점쯤에 있음.,고양이
187,2021-07-06 11:58,[국민콜] 강릉한전앞 차도 고라니 새끼,고라니
188,2021-07-07 12:22,"동물사체 , 한나자원~ 금호어울림 방향 부근 임시도로에 고라니사체 있다고 연락주심",고라니
189,2021-07-08 09:55,강릉에서 주문진가는 방향. 국군병원 부근 1차선에 사슴인지. 동물사체있음,사슴 추정
190,2021-07-08 15:27,도로에 고양이 사체 - 옛날 관광호텔 사거리에 어린이집 있음.  포남시장 들어가는기남구길 33 오스람전기 앞,고양이
191,2021-07-08 15:41,고양이로드킬신고(강릉원주대 정문앞 7번국도 주문진방향으로 오죽헌빠지는 진입로에 고양이사체),고양이
192,2021-07-09 10:43,노암동 강남촌 맞은편 남산주유소 강아지 로드킬 신고 문의,강아지
193,2021-07-12 08:32,참소리 박물-> 경포해변 상가쪽으로 도로옆 고라니 사체 있음,고라니
194,2021-07-13 09:12,"고양이사체, 초당원길35",고양이
195,2021-07-13 11:18,성산면 위촌길299 게스토랑 도로앞,고양이
196,2021-07-13 14:54,투명지붕에 고양이 로드킬 신고를 하고자 문의(토성로 164번길 8),고양이
197,2021-07-14 09:31,자연아놀자 건너편 고라니 다쳐있다고 하심 ,고라니
198,2021-07-14 11:39,"고라니 사체 신고7번국도(강릉대에서정동진방향, 강릉시청으로 빠지는 지점)",고라니
199,2021-07-14 11:46,서부지구대 -7번국도상 고라니 사체신고(강릉시청으로 빠지는지점),고라니
200,2021-07-14 12:05,로드킬신고(7번국도 강릉소방소 인근),불명
201,2021-07-15 08:54,"시외터미널앞 cu와 이디야커피 중간에 주차공간, 차위에 새가 떨어져있다고 문의",새
202,2021-07-15 09:49,로드킬 -> 경포고등학교 큰 도로변,불명
203,2021-07-15 11:07,경포해변 죽을새가 자꾸떠내려 오고 있음.사체처리,새
204,2021-07-15 13:23,"아산병원입구 7일레븐, 참새 사체",참새
205,2021-07-15 14:55,강릉~정동진 7번국도 신석교 지나서 우측에 정동진방면 고라니사체 ,고라니
206,2021-07-15 18:01,해람중 인근(명주로 9-1)에 오리같이 생긴 기러기처럼 생긴새가 도로로 걸어다님.,기러기 추정
207,2021-07-15 18:14,해람중근처에 오리처럼 생긴 새가 나타났음,오리 추정
208,2021-07-16 11:42,정동진해변 - 새사체 신고,새
209,2021-07-19 08:50,고양이 사체 - 택지 강나루 장어집 앞쪽으로 사체,고양이
210,2021-07-19 11:22,"병산동, 평진냉면 건너편에서 성덕동으로 나오는 방향에 고라나사체신고",고라니
211,2021-07-21 12:05,새냉이길4호 집앞 고양이 사체 ,고양이
212,2021-07-21 12:53,머리에서 피흘리는 고양이 도움요청(곧 죽을거 같다고함)안목커피거리 씨엘베이커리 가게앞(창해로14번길),고양이
213,2021-07-22 13:58,검은고양이 사체 신고임당동 운수탕 주차장 들어가는 뒷골목에 있음,고양이
214,2021-07-23 14:54,로드킬 -> 강릉시자원봉사센터 앞 비둘기 로드킬 ,비둘기
215,2021-07-26 11:41,강릉시청 맞은편 동해나가는 도로 동물사체 신관동대방향 신호 농산물 시장과 관동대가는 도로 신호등 있는 부분,불명
216,2021-07-26 11:58,정동진에서 ~강릉가는 7번국도 모산골가는방향. 노암한라아파트쪽 너구리같은사체 있음,너구리 추정
217,2021-07-27 08:31,고양이 사체 - 구정면 박월동 수영장에서 남강릉 IC방향으로 가다보면 좌측으로 빠지는 길이 있음. 그 부근에 고양이 사체 있음,고양이
218,2021-07-27 13:01,"교동 890-41번지, 제일고등학교 부근 고양이 로드킬 신고 문의",고양이
219,2021-07-28 18:22,아기 고양이 로드킬 신고노암동 병무청 입구 4거리  신호등아래(시내로나오는 방향2차선도로),고양이
220,2021-07-30 14:06,주문진에서 강릉뱡향 즈므고가 전에 중앙분리대 고양이 로드킬,고양이
221,2021-07-30 15:41,테라로사 맞은편 바닷가쪽인데 강아지 사체있음. ( 경포 테라로사) ,강아지
222,2021-07-30 16:37,로드킬 신고 -> 강릉에서 정동진방향 모전교차로 가기전 1km 중앙선 로드킬 신고 전화를 주심 ,불명
223,2021-08-02 08:39,"고양이사체, 행복예식장~택지방향, 욕실인테리어가게 앞 ",고양이
224,2021-08-04 10:45,고양이 사체 - 명성칼라테크 대각선으로 방향 도로에 있음,고양이
225,2021-08-04 10:47,[로드킬] 고양이 사체--옥천동 수협 부근 요술강아지앞 (홈플러스가는 방향),고양이
226,2021-08-06 16:11,공원에 비둘기가 여러마리가 폐사 되어있음.  부영하슬라빌 ( 우편집중국옆) 하슬라빌 들어가는 아파트 도로변 입구 좌측으로 공원있음. 여러마리 죽어있음,비둘기
227,2021-08-09 11:51,고양이 사체 신고강릉대로148. 신촌석쇠구이 가게앞 쓰레기 버려져있는곳에 있음,고양이
228,2021-08-09 14:10,"길거리 고양이 로드킬 사체  - 강릉안목해변, 노아회식당  주차장쪽 앞( 바다보이는 삼거리) ",고양이
229,2021-08-09 17:23, 강릉시 내곡동 이마트  편의점 강릉관동대점 바로 앞 고양이 로드킬,고양이
230,2021-08-10 13:05,구정 삼교리막국수에서 관동대학교 방향으로 50m  부근 고라니 로드킬 신고 ,고라니
231,2021-08-11 12:00,"강릉여고 후문, 고양이 로드킬",고양이
232,2021-08-11 15:34,"새끼고양이 사체 두마리 , 한국전력공사 강릉지사 가는길 새마을금고 은행 사이에 두마리 있었음",고양이
233,2021-08-12 08:31,7번국도주문진~강릉방향 농공단지 빠지는길 조금 지나서 로드킬있음.,불명
234,2021-08-12 14:06, 비둘기 사체 - 강릉 국빈 중화식당 근처  국빈 근처 쓰레기통있는곳 . 길가 라인에 있음. ,비둘기
235,2021-08-12 18:20,교동 한길dc마트 바로앞에 고양이로드킬신고,고양이
236,2021-08-13 09:09,[로드킬] 고양이 사체 제일고 앞 버스승강장 바로 ,고양이
237,2021-08-13 09:42,"경포오거리~올림픽파크 가다보면 고양골추어탕 가기전 , 새로운 공사중건물앞 횡단보도부근에   고양이사체",고양이
238,2021-08-13 18:11,"고양이 로드킬, 아산병원 생활관앞 도로 고양이 교통사고 ",고양이
239,2021-08-18 15:51,고양이 사체 - 사천요트장-> 해변쪽으로 직진하는곳에 공중화장실 앞쪽,고양이
240,2021-08-18 16:39,[로드킬]강일여고 천일택배앞 강아지 사체,강아지
241,2021-08-18 16:48,"강일여고 교동 올라가는길쪽, 도로에 강아지 사체, 퍼베이드 카페쪽",강아지
242,2021-08-18 16:49,화부산로 70호 강아지가 도로에 사체 신고,강아지
243,2021-08-18 16:53,강일여고 강아지 로드킬 신고 전화를 주심 ,강아지
244,2021-08-18 18:13,강릉불고기 초당점 앞 고양이 로드킬,고양이
245,2021-08-19 08:40,"강릉정보공고, 도요새가 어제부터 교정에 서성대고 있는데 날지못하는것 같음",도요새
246,2021-08-19 16:36,"안목, 솔바람다리 너구리새끼 탈진상태",새끼너구리 
247,2021-08-20 12:36,화부산로8번길 30  고양이사체,고양이
248,2021-08-23 10:24,즈므고가올라가자마자  중앙선부근 고양이사체,고양이
249,2021-08-23 14:21, 비둘기가 추락해서 날지 못해서 연락주심. 옥천동 동부시장길. 에이스게임장 앞,비둘기
250,2021-08-25 10:40,고양이사체 신고포남세차장 (경찰서 4거리에서 경포방향)앞에 있음,고양이
251,2021-08-25 12:48,고라니 사체 신고위치 파악안됨,고라니
252,2021-08-26 09:02,로드킬- 아산병원 들어가는 입구 신호등 가기 조금 전에 왼쪽 가림막쪽 강아지 사체아산병원 들어가는 입구 ,강아지
253,2021-08-27 13:34,로드킬 -  포모도로에서 강원예술고등학교 가는 사이 중앙에 고양이 로드킬 ,
254,2021-08-27 16:27,로드킬 -> 향호리 저수지 둘레길 시내방향으로 돌면서 30분정도 돌면서 냄새가 심해서 주위를 둘러보니 고라니 로드킬,
255,2021-08-30 08:37,"7번국도 고양이, 고라니 삼익아파트 사거리 지나서 사체있다고 있다고함.",
256,2021-08-30 10:38,구정면 농심공장 바로 건너편 ,고라니
257,2021-08-31 10:41,청솔공원 영생의집 들어가는 입구에 고양이 사체신고.,고양이
258,2021-08-31 11:15,입암동에서 병산 넘어가는 뒷길 고양이 로드킬 신고건으로 문의,고양이
259,2021-08-31 11:29,국토관리사무소 -두산동 다인유치원 옆,고양이
260,2021-09-01 09:31,"동물 사체 - 너구리, 아레나 경기장 밑에 회전 로터리에서 교동쪽으로 새로난길 중간에 컨테이너 3개 있음. 컨테이너 옆에 있음. 구고속도로 시청앞에서 강동 나가는쪽 속도 카메라 있는곳 바로 옆에 가드레일 넘어 던져져있음",너구리
261,2021-09-01 17:56,성산면 산북2리 경로당 근처 별내리는 산북에서 경로당 사이 고양이 로드킬 ,고양이
262,2021-09-02 13:14,옥계면 산계리에 수달새끼가  혼자 있음.,새끼수달
263,2021-09-03 08:44,"강문~교동택지, 쟈스민레스토랑 앞, 고양이사체",고양이
264,2021-09-03 10:21,"[로드킬]강릉원주대 정문~주문진뱡향 500미터 지점,  까치사체",까치
265,2021-09-06 08:41,"[로드킬]  7번국도 정동진~시청방향 동해대로 2108, 고양이 사체",고양이
266,2021-09-06 09:28,[로드킬]명주술마당- 고양이 사체 강릉의료원 옆 골목,고양이
267,2021-09-06 15:59,노암동 은마연립 바로 앞 고양이 로드킬 신고 문의,고양이
268,2021-09-07 08:48,"[로드킬] 안인화력~시내 해돋이마을길, 고양이 사체",고양이
269,2021-09-07 16:26,강동면사무소에서 시내 가는 방향 노인복지회관 부근 고양이 로드킬 ,고양이
270,2021-09-07 17:11,길거리에 들고양이가 죽어잇음 . 회산로383번길82-3,고양이
271,2021-09-08 08:35,[로드킬] 새끼고양이 옛날집 추어탕( 병우청뒷편) ~회전교차로 ,고양이
272,2021-09-09 13:41,[로드킬] 포남동 고려3차 앞 고양이 사체,고양이
273,2021-09-13 08:51,[로드킬] 즈므마을 지나서 고가다리내려오면서(강릉방향)신호등 가기 200미터 중앙분리대  개가 죽어있음,강아지
274,2021-09-13 09:19,"주문진~강릉방면, 율곡병원 1km전 로드킬(어떤동물인지 모르는데 크다고하심)",불명
275,2021-09-13 09:22,"주문진~강릉방향, 사천지나서 고가  내려가는길에 큰유기견 사체.",강아지
276,2021-09-13 14:21,국민콜 110 -> 로드킬 신고 : 월호평길 76번길 바로 앞 도로변 고양이 로드킬 ,고양이
277,2021-09-14 11:05,고라니 사체신고(연곡~소금강쪽으로 가는 방향),고라니
278,2021-09-14 12:44,"신한연립, 구보건소뒤길 10, 정문주차장에 고양이 사체",고양이
279,2021-09-15 10:31,고양이 사체- 포남동 / 하평4길25-1,고양이
280,2021-09-15 11:01,"경포해변, 갈매기 두마리가 낚시줄에 엉겨서 해변있음. ",비둘기
281,2021-09-16 09:22,경포~사천방향 사천 보헤미안 박이추 커피 들어오는 입구 좌측편에 쓰레기있는곳에 고양이 사체 있음.,고양이
282,2021-09-16 14:33,고양이 사체 - 사천운전면허장 가는 길,고양이
283,2021-09-23 08:46,[로드킬] 시청~동해가는 7번국도 다리 끝나는 지점 아파트 공사현장 건너편 도로  2차선에서 3차선 바꾸는 지점 너구리,너구리
284,2021-09-23 09:24,[로드킬]회산 도로가에 고라니 사체 이모네 커피숍  포모도로 올라가는 도로,고라니
285,2021-09-23 09:56,[로드킬]옥천동 119안전센터위 니베라장 앞 도로 강아지사체,강아지
286,2021-09-23 13:48,"사임당로 주유소 도로변 고양이 사체 , 추석 전전날부터 있었음",고양이
287,2021-09-24 08:56,"공항대교 위 고라니사체,",고라니
288,2021-09-24 12:58,포남동 홍익한의원 바로 앞  로드킬 신고 문의,불명
289,2021-09-28 09:00,고라니 사체 - 경포오거리에서 올림픽 파크가는길 세븐일레븐 편의점 사이에 사체 있음.,고라니
290,2021-09-28 09:41,더테라스아리스타 맞은편 도로변에 고양이 로드킬 ,고양이
291,2021-09-28 18:21,교1동 주민센터 고양이 로드킬 문의,고양이
292,2021-09-30 10:50,"외곽도로, 대원암 033-647-8935 들어가기전 왕복 2차선 도로가 있음 거기 반경 100미터 안에 너구리가 중앙선에 죽어있음",너구리
293,2021-10-01 10:25,"제일고사거리~서부시장방향, 개사체",강아지
294,2021-10-12 08:49,로드킬 경포 카페 허난설헌생가~ 시내 회전교차로 가는 길 도로 중앙에 큰강아지,강아지
295,2021-10-12 14:20,고양이사체처리 요청내곡동 한라아파트 앞에 디스카운트 수퍼앞,고양이
296,2021-10-12 14:28,"한라내곡아파트 건너편 승강장, 부근에 강호태권도장이 있음`새가 다쳐있다고 함.",새
297,2021-10-14 08:39,[로드킬]송정 세인트존스호텔~안목방향 원형로타리 지나서 남쪽 50미터 지점 중앙선 고양이 사체,고양이
298,2021-10-15 08:51,"[로드킬] 구정초~테라로사 가는 방향, 오독떼기 전수관앞 방지턱2개있는 부분 고양이 사체",고양이
299,2021-10-15 13:05,"다친고양이, 강일여고사거리~강릉역방면 도로 1차로에 있다고함.",고양이
300,2021-10-18 11:21,청솔모 로드킬 신고.(송정해변쪽 군인휴양소~송강리조트 사이 도로에 있음),청솔모
301,2021-10-19 14:15,"고양이사체 - 아산병원에서 강릉방향 고가도로 바로 전에, 교통정보수집 카메라 부근 ",고양이
302,2021-10-22 09:28,태평양 아파트 앞 cu 편의점 옆 하수구에 고양이 로드킬 신고 ,고양이
303,2021-10-22 13:55,공항다리 2차선 도로 개인지 고라니인지 사체 ,강아지 or 고라니
304,2021-10-22 14:25,안목- 공항대교 산책로 입구 고라니 사체 신고 건.,고라니
305,2021-10-25 09:32,로드킬 하이마트 앞 청진동 해장국 가는 방향 횡단보도 고양이 로드킬 신고 ,고양이
306,2021-10-25 17:45,"고양이 사체신고.성산 숲속집 순대국밥집~산북리방향의"" 별내리는 산북"" 가게 가는 방향길에 있음",고양이
307,2021-10-26 09:50,학교 앞 도로. 강릉초등학교에서 쭉 올라오다 보면 만두가게 앞. 고양이 사체 ,고양이
308,2021-10-26 10:38,"고양이사체, 오렌지DC마트~강릉초교방향 만두집앞 도로에 있다고 하심",고양이
309,2021-10-26 10:48,강릉초등학교 오렌지마트 맞은편 한정식 집 도로변 고양이 로드킬,고양이
310,2021-10-26 11:12,오렌지마트 에서 강릉초방향의 만두가게앞,고양이
311,2021-10-27 13:07,"너구리, 강문장모텔앞 공사장 부근 ",너구리
312,2021-10-27 14:41,"남대천, 창포다리 다친 비둘기 구조요청/",비둘기
313,2021-10-28 08:48,[로드킬] 법원~7번국도 올라가는 길 고양이사체 ,고양이
314,2021-10-28 09:27,[로드킬] 오래된 사체 고양이 농산물시장~주유소끼고 좌회전하면 시내로 가는 길 1차로 차단봉 ,고양이
315,2021-10-29 16:49,로드킬로 죽기직전 고양이 있음.동인병원에서 동입병원 입구 4거리 나오기전  길에 있음.,고양이
316,2021-11-01 10:36,인도위 야생동물 사체 처리 요청.강문 릉교회 바로앞 인도에 너구리 사체),너구리
317,2021-11-01 13:28,남강릉ic가다가 KTX공사하는 다리 고라니인지 개인지 사체,강아지 or 고라니
318,2021-11-02 09:00,강릉치대병원 방향 회전교차로에서 과학단지 가는 방향 과속카메라가 있고 동물 이동 통로 있는 방향 고라니 로드킬 문의,고라니
319,2021-11-02 09:08,"택지굴다리~율곡중학교 가는방향, 굴다리 지나서 고양이 사체가 인도에 있다고 합니다.",고양이
320,2021-11-02 17:28,고양이 로드킬신고홍제교(회전교차로에서 내곡동방향으로 신호등에서 좌측에 골프아카데미 가게앞,고양이
321,2021-11-03 09:01,동물사체 신고.(난설헌로에서 강릉교회 회전교차로 전에 있음),불명
322,2021-11-03 09:06,사체 처리 - 로드킬 강릉농협 구정지점 주차하는곳 ( 도로 바로 옆),고양이
323,2021-11-03 12:52,"주문진해수욕장 세븐일레븐 앞, 고양이 죽은 상태로 있음",고양이
324,2021-11-03 13:03,"도립대후문, 고양이로드킬",고양이
325,2021-11-04 15:54,고양이 사체 - 강릉세인트존스호텔 근처 24시 솔향온천 도로에,고양이
326,2021-11-05 10:17,"국민콜, 야생오리 구조 - 주유소에 와서 앉아있음. (교동,  홍길동 주유소) ",야생오리
327,2021-11-05 10:17,고양이 사체 신고.교동 롯데캐슬 입구 GS편의점 앞,고양이
328,2021-11-08 09:14,고라니로드킬신고.금오어울림~문정간도로 새로난방행으로 자스민커피 입구  교차로 인도쪽 풀속에 고라니 사체있음.,고라니
329,2021-11-08 16:46,강일태권도 바로앞에 고양이 사체신고(주막골밥상 건물앞),고양이
330,2021-11-08 18:15,로드킬- 성산면 보광리 콩나물 공장 앞 큰개,강아지
331,2021-11-09 12:17,검정색고양이 로드킬신고월호평동 독송마을회관 바로앞 도로에 있음.,고양이
332,2021-11-09 16:54,"연곡면 동덕3길 36-7 , 너구리가 비닐하우스에 들어와 나가지 않고 있다고 문의",너구리
333,2021-11-10 08:51,로드킬신고.위치 :즈므고가 지나 아산병원 방향의중앙분리대쪽에 동물 로드킬있음.,불명
334,2021-11-10 15:14,"고양이 사체- 포남동 성덕포남로 152번길 24호, 그린하우스 주차장 문의",고양이
335,2021-11-10 18:08,[로드킬] 하늘채~mbc 방송국 내려오는 길 동물사체,불명
336,2021-11-11 17:41,새가 떨어져 다쳐있다고 전화를 주심 -  초당한솔빌라 들어가는 입구(초당원길 99-5),새가
337,2021-11-15 08:49,새끼고양이 로드킬신고홍제교 회전교차로에서 시청방향의 죄회전차선 (중앙선옆에 흰색 새끼고양이),고양이
338,2021-11-15 09:49,고라니 사체 - 농산물시장에서 남강릉 방면 사거리가기 전에 왼쪽도로,고라니
339,2021-11-15 12:43,검은색동물사체.위치 -위촌리에서 송암리로 넘어가는길 중간에 공동묘지 부근. 송암리방향150미터정도에 검은색사체 있음.,불명
340,2021-11-15 14:20,11월3일 로드킬(고양이)사체 신고 건 확인 요청/ ,고양이
341,2021-11-16 08:44,고양이사체 신고위치: 어림지~경찰서 방향의 횡단보도에 있음.,고양이
342,2021-11-16 09:26,"로드킬 신고 - 강릉소방서 쪽 7번국도 신호등 지나서 강릉-동해 방면 고가도로, 강아지 사체 , 반대편엔 고양이 사체","강아지,고양이"
343,2021-11-16 11:49,"강릉역 정문 깃발에서 , 종달새 한마리 죽어있음. ( 태극기 있고 코레일 깃발 3개 있는곳에서 10미터, 빙상경기개최도시 조형물 ) ",종달새
344,2021-11-16 13:46,고양이 사체 - 고용복지센터랑 생각대로 배달업체 사이. 도로 위 ,고양이
345,2021-11-16 18:23,[로드킬]용강동 서부시장 강초에서 성당가는 도로 복권판매점 앞 고양이 로드킬,고양이
346,2021-11-17 09:02,"로드킬 - 주문진에서 강릉들어오는 방향, 즈므고가 지나서 GS칼텍스 주유소 앞 중앙분리대, 고양이 사체",고양이
347,2021-11-18 08:29,로드킬신고구정면 금광2리ktx지나가는 터널밑에 큰 동물사체있음.,불명
348,2021-11-18 09:03,"강릉대로201 , 고양이 사체",고양이
349,2021-11-19 09:00,"송정동 , 고라니 사체  ( 송정동272-1)  도로 바깥쪽으로 사체 ",고라니
350,2021-11-19 11:58,고양이사체 신고.문암정 경로당에서 조금 내려오면 강릉한과 공터 옆에 풀밭에 고양이 사체있음,고양이
351,2021-11-22 14:24,"임당동, 도로변에 고양이 사체 - 강릉대로 194번길 17 건물 ",고양이
352,2021-11-25 14:31,"명륜로53, 고양이사체-화부산막국수 옆",고양이
353,2021-11-25 14:54,[로드킬]강릉역 사거리 공사현장부분 인도에 고양이 사체,고양이
354,2021-11-29 08:32,고양이사체 신고.모전초등학교들어가기전 삼거리주유소에서 강릅방향으로 7번국도로 조금만 들어오면 도로옆 갓길쪽에 고양이 사체있음.,고양이
355,2021-11-29 14:29,정동로 64 근처 도로변 고라니 다쳐있다고 전화를 주심,고라니
356,2021-11-30 09:14,"다친 너구리 구조요청, 정동진 움직이지 않고 고개는 들고있음. 세균이 많이 퍼진듯함강동면 정동진리 50-89 (모텔 앞)",너구리
357,2021-11-30 10:13,"회산동 , 다친 고라니 새끼 , 명주초등학교 앞,",고라니
358,2021-11-30 13:38,구정열린약국 바로 앞 도로변에 고양이 로드킬 신고 문의,고양이
359,2021-12-02 08:42,"고양이나 강아지 사체, 즈므 지나서 천연물연구소 앞",고양이 or 강아지
360,2021-12-03 08:38,"고라니 사체 훼손됨, 안인리에서 시내로 나가는 7번국도 길, 도로주변에 주택이 몇 개 있음. 강릉시청- 정동진 들어가는 방면에는 고양이 사체 있음",고라니
361,2021-12-03 09:48,"강아지 사체 - 공항다리 들어가는 안목에서 나오는 방면, 다리초입.",강아지
362,2021-12-03 09:56,"로드킬 신고- 시청-> 정동진 방향도로  ,운산동443 들어오는 입구 (플라스틱으로 도로 경계 앞) 마을 들어오는 입구 큰 동물 코라니 종류, 성산조경, 흥국조경입구,",고라니
363,2021-12-03 12:07,강아지 사체 - 중앙감리교회에서 경포방면 교회에서 200M 떨어진 위치.,강아지
364,2021-12-07 08:46,너구리 동물사체사천면 해안로 1173번지 크림하우스 카페 도로쪽에 정확하진 않지만 너구리 사체있음.,너구리
365,2021-12-09 11:50,[로드킬]주문진 소돌해변 [언제나소돌펜션] 앞 인도 고양이 사체,고양이
366,2021-12-09 18:20,[로드킬]남강릉ic ~동해방향 도로에 고라니사체,고라니
367,2021-12-10 08:34,새끼 고양이 로드킬신고.입암동 이디야커피 앞 택시승강장에 있음.,고양이
368,2021-12-10 09:07,새끼 고양이 로드킬신고.입암동 이디야커피 앞 택시승강장에 있음.-대목아파트 건너편,고라니
369,2021-12-10 12:49,고라니 사체  - 병산동 최영장군 사당 앞,고라니
370,2021-12-13 11:13,"강일여고, 학교안으로 고라니가 들어왔다고 문의",고양이
371,2021-12-13 18:24,[로드킬]고양이사체 강릉시청 터미널 사거리부근,고양이
372,2021-12-14 08:49,고양이 사체 - 공군비행장 가는길 섬석교 조금 지나가다 보면 있음 ,고양이
373,2021-12-14 08:54,고양이 사체 신고.안인화력발전소 공사장에서 강릉방향으로 안인화력발전소 주차장 앞에 수신호하는 사람 맞은편.,고양이
374,2021-12-15 11:02,"청둥오리 길가에 왔다갔다 하는데 위험하다고 문의제일고사거리, 방배목장아이스크림 가게 앞에 있다고하심.",청둥오리
375,2021-12-15 12:36,교동4거리 인도에 청동오리가 2시간째있음.,청둥오리
376,2021-12-15 14:48,야생동물-회산동 편의점 앞 새가 다쳐서 못 날고 있음,새
377,2021-12-16 08:32,(검정색 동물사체)아산병원에서 강릉방향으로 80km카메라찍히는곳에 있음.,불명
378,2021-12-16 10:12,포남동 유니클로에서 공단 넘어가는 다리 고양이 로드킬 ,고양이
379,2021-12-16 13:47,"고라니 다쳐있음 - 7번국도로 안인가는 길, 우정레미콘 공장 입구 가기 전 300미터 전방에 60Km 제한 지점 표지판 ",고라니
380,2021-12-17 13:24,"고양이 사체 - 7번국도 위, 강릉 안인쪽으로 나가다 보면 모산이랑 강남축구장 가는 삼거리 도로 갓길에 있음",고양이
381,2021-12-17 13:44,"고양이 사체 - 입암동 강중길 26, 바로 옆 건물 아우라지 식당 앞. ",고양이
382,2021-12-21 09:14,"로드킬 신고 - 연곡면 신왕리440-2번지, 양식장 입구 초입에 다리 밑에 도랑 고라니 사체 ",고라니
383,2021-12-21 13:50,비둘기 사체 신고.택지 이디야 커리숍 횡단보도 앞,비둘기
384,2021-12-21 16:58,금성로33 다이소 앞에 기둘기가 날아가지못하고 있음. 다쳤는지는 모름,비둘기
385,2021-12-28 08:30,"안인에서 시청으로 나가는 7번국도 위 , 주유소를 향해 가는 도로 중간에 있음.고라니 사체. ",고라니
386,2021-12-29 12:39,다리다친 고라니 도움요청.경포대3.1절 기념탑있는 주차장 화장실앞에 다리다친 고라니 있음.,고라니
387,2021-12-29 12:47,경포도립공원 주차장 - 고라니가 다쳐서 물에 빠져있음. ,고라니
388,2021-12-30 09:50,주문진 최이비인후과 앞에 고양이 사체있음,고양이
389,2021-12-31 11:44,주문진읍 연주로 526 / 고라니 다쳐있다고 전화를 주심 ,고라니
390,2022-01-03 08:37,시내 가는 방향 강릉IC 나오자마자 1차선 - 고라니 사체.,고라니
391,2022-01-05 12:29,영동대 삼거리 성산가는 방향. 큰 도로에 고양이 사체,고양이
392,2022-01-05 12:37,고라니 로드킬 - 구정 농산물 도매센터 - 농심물류센터 가는 길 학산교차로 도착하기 바로 전 우측 도로 위.,고라니
393,2022-01-05 12:57,고양이 사체 신고정동진역길17-1 화장실앞에 있음,고양이
394,2022-01-05 12:58,"정동역길 17-1 공중화장실 앞 , 고양이 사체 ",고양이
395,2022-01-06 09:21,사근진 아라펜션 주차장에 고라니 사체 있음. 최대한 빨리 처리요청.,고라니
396,2022-01-06 09:32,고라니 로드킬 - 강동면 가나싱크 앞 율곡로 2305. ,고라니
397,2022-01-06 18:10,관동대학교에서 구정약국 가는 길 기산아파트 조금지나서 고라니 로드킬 신고,고라니
398,2022-01-07 10:54,다친 고라니 신고 : 주문진읍 우신아파트 정문 옆 우측 골목길 차 한대 다니는 길에 있음.,고라니
399,2022-01-10 09:13,"주문진에서 사천아산병원가는 고가도로, S-oil주유소 앞 쪽 고라니추정 사체있음",고라니
400,2022-01-10 14:29,강문해수욕장 공영주차장에 고라니 한마리 막 돌아다니고있음,고라니
401,2022-01-12 08:39,시청에서 안인으로 가는 7번국도가는길 주유소 건너편 고라니사체 있음,고라니
402,2022-01-13 08:36,"고양이 사체 - 송정 늘봄공원 앞, 차들 주차되어 있는 갓길쪽에 있음/ ",고양이
403,2022-01-14 10:49,고라니 사체 - 청량동에서 시내나오는 방면 회전교차로 두개있는 곳. 첫번째 회전교차로 진입바로직전 화단에 있음.,고라니
404,2022-01-14 12:37,주소: 창해로 350번길 21 도로변 로드킬당한 비둘기사체있음.,비둘기
405,2022-01-14 12:56,송정동 이마트부근 맘스빈커피 가게 앞  도로 고양이 사체 비슷한게 있음 신고인,고양이
406,2022-01-17 15:56,"연곡면 영진2길 12-3, 근화아파트 노루가 죽었다고 하심 ",노루
407,2022-01-18 10:07,강동면사무소에서 오령사 절 가는 방향 도로변 고라니 ,고라니
408,2022-01-18 13:33,"송정동주민센터 길 건너편, 고라니 로드킬",고라니
409,2022-01-21 08:47,유천스파 건물 뒤쪽 주차장  매 한마리가 다친채 떨어져있음. ,매
410,2022-01-21 10:29,[로드킬]7번국도 주문진에서 강릉방향 ~ 주문진농공단지 입구 1차선 도로/ 고라니사체,고라니
411,2022-01-24 08:48,구정면 삼교리 동치미 막국수 -관동대방면 도로에 고양이 로드킬 사체.,고양이
412,2022-01-24 08:54,"구정 하나로마트 가기 전, 중앙선에 있음. 고양이 로드킬",고양이
413,2022-01-24 11:51,고양이 사체신고108커피숍에서 영진방향으로 조금 올라오면 고양이 사체 있음.,고양이
414,2022-01-24 12:33,연곡면 신왕리 신왕길 388 양식장 낚시터 안쪽 부근 고라니 사체 민원,고라니
415,2022-01-24 17:30,강릉 아이시빠지기전~구정 테라로사가는 길 ,불명
416,2022-01-25 08:53,"고양이로드킬 -  구정 삼교리 동치미 막국수 앞, 구정 가는 방향 도로 ",공ㅇ이
417,2022-01-27 09:36,고양이 로드킬신고.주문진에서 강릉방향으로 한밭 신호등전 중앙분리대쪽에 있음.,고양이
418,2022-02-03 08:47,논에 죽은 고양이 사체있음 사천면 덕실길 46-1  ,고양이
419,2022-02-09 08:41,"강아지 로드킬, 안인에서 월호평동 가는 길 월호평동 입구 바로 직전 사거리 신호등 아래 찻길에 있음.",강아지
420,2022-02-09 10:26,[로드킬]율곡로 타이어뱅크오거리 타이어뱅크 앞 길가 고양이사체,고양이
421,2022-02-09 10:42,이편한 세상 아파트 - 타이어뱅크 사이 큰 길(마당갈비)에 고양이 사체 ,고양이
422,2022-02-09 10:50,[로드킬] 율곡중학교~새로남 교회방향 새로남교회 바로 옆 큰길  중앙에 고양이 사체,고양이
423,2022-02-10 09:24,고양이 사체 신고경강로2531 화이트캐슬 입구 주차장에 있음,고양이
424,2022-02-10 13:02,"동물정책과, 사체 ( 교동짬뽕 원형 로터리 사이 고양이 사체 ",고양이
425,2022-02-10 13:06,[로드킬]강릉대로 임당사거리 ~교동사거리 못미쳐서 고양이 사체,고양이
426,2022-02-10 13:57,교동사거리 근처에 길에 고양이 사체 ( 운전하는데 급정거하고 위험) 교동사거리에서 구터미널 방향 ,고양이
427,2022-02-11 08:40,"구정 학산 오독떼기 전수관 , 고양이  ",고양이
428,2022-02-11 08:54,"강아지 , 구정 오독떼기 전수관 앞쪽에 누런 강아지 로드킬 신고",강아지
429,2022-02-11 08:56,"구정 학산 오독떼기 전수관 , 고양이 사체 있음",고양이
430,2022-02-11 09:22,"고라니 로드킬 신고, 안목사거리 S나인펜션 ",고라니
431,2022-02-14 10:26,강동면 헌화로 648-5 카페미로 바로 옆 고라니 로드킬 문의,고라니
432,2022-02-22 13:54,주문진 시외버스터미널 가는길 다리 건너서 CU 편의점 앞 도로변 고양이 사체 민원 ,고양이
433,2022-02-24 09:32,남항진 예식장(세인트컨벤션웨딩) 버스정류장 앞 고라니 사체,고라니
434,2022-02-28 15:47,사근진 해변 은진펜션 보이는 부근 주차장에 토끼 한마리가 돌아 다닌다고함.차량도 많아서 위험해 보인다고 민원 주심. ,토끼
435,2022-03-02 16:14,야생동물보호- 집앞에 비리비리한 아픈 고라니 한마리가있음.,고라니
436,2022-03-03 08:55,"강릉원주대~법원방향, 원주대 들어가는 입구(고양이)",고양이
437,2022-03-03 17:01,"고양이 사체 -  입암동  세븐나잇이랑 신난다 점핑 사이 밭에 인도 바로 옆, 달보드레, ",고양이
438,2022-03-07 11:35,[로드킬] 연곡면 송림리 마스터가구점 1-3 . 고라니 사체 / 정확한 위치 설명상 담당자 바로연결,고라니
439,2022-03-10 08:50,[로드킬 ]강릉~주문진방향 7번국도 석교리산 262-3 (주문진소방소임) ,불명
440,2022-03-10 09:03,"강아지 사체  -  입암동 강릉중앙고에 전봇대 두개 있음.  ( 원마트 내려가는쪽, 꽃집 바로 앞) 은플라워샵",강아지
441,2022-03-10 09:51,고양이사체 신고MBC정문 건너편 동인병원 방향),고양이
442,2022-03-10 13:29,고라니사체 신고.도로가에서 10m터정도 떨어진 산에 있음,고라니
443,2022-03-11 15:09,고양이 사체 - 택지우편집중국 안쪽길,고양이
444,2022-03-14 10:10,강원예술고등학교 나오는쪽 우측 도로 고양이 사체 있음,고양이
445,2022-03-14 11:55,"1. 7번국도 안인에서 강릉방향으로 남강릉 주유소 가기전 도로변 강아지 로드킬 신고 2. 강동면사무소 가기전 중앙분리대 쪽 고양이 로드킬 ","강아지, 고양이"
446,2022-03-15 12:25,2시간전 강문 회전교차로 직전에서 모르고 고양이를 차로쳤음. 처리관련문의 (입암동에서 스카이베이호텔방향) ,고양이
447,2022-03-17 08:40,"고양이, 유천지구~7번국도 올라와서 만나는지점. 로드킬",고양이
448,2022-03-17 08:41,[로드킬] 유천소방서~7번국도 타려고올라오는 도로 진입하자마자 하얀색 강아지인지 고양이 사체,강아지 or 고라니
449,2022-03-18 14:28,교동 길고양이 사체 명주로 78 (자활센터 올라가는 오르막길 왼쪽에 보면 바로 보임.),고양이
450,2022-03-18 15:13,홍제동 주민센터 - 고양이사체 건. 위치 말씀안하시고 연락처만 알려줌,고양이
451,2022-03-21 08:34,"국토정보공사 건너편, 주문진=>강릉방향 고양이 사체",고양이
452,2022-03-21 14:11,주문진 북강릉 농협주유소 내려가는 방향 쪽에 샬롬 어린이집 방향 강아지 로드킬 ,강아지
453,2022-03-22 11:07,"송정동 한전 맞은편 쪽 농지 고라니 한마리가 계속 뛰어다니는데, 위험해보여 전화주심",고라니
454,2022-03-22 12:53,리더스골프클럽에서 강릉원주대 후문 방향 도로변 중간에 검정색 새 로드킬 있음 ,새
455,2022-03-23 10:38,동물사체 신고.주문진에서 강릉방향으로 법원 지나서 강릉대학교 빠지는 우측으로 있음.,불명
456,2022-03-24 11:21,(로드킬) 동해대로 3947 자연인하우징 바로 앞 도로 고양이 로드킬,고양이
457,2022-03-24 12:28,대목아파트 인도에 고양이가 죽어있음,고양이가
458,2022-03-28 09:20,"로드킬 신고 - 솔향한우식당에서 회전교차로 있고 거기서 즈므 마을 방향으로 가면 사체, 새 동해기정떡 강릉대방향반대로 올라가면 회전교차로 , 거기에서 즈므마을방향으로 새 있음",새
459,2022-03-28 09:28,"동해기정떡 강릉대방향반대로 올라가면 회전교차로 , 거기에서 즈므마을방향으로 새 있음. ",새
460,2022-03-29 09:03,관동대학교에서 구정약국 가는 방향 주유소 바로 앞 강아지 로드킬 신고 ,강아지
461,2022-03-29 09:23,구정프라자앞에 해와달 건물에 (주유소 앞 인도에 죽은 강아지 있음),강아지
462,2022-03-30 11:19,경포호수 부근 새가 날개가 젖혀져있고 못움직인다고 문의,새
463,2022-03-30 13:59,7번국도에서 내곡동 삼익타워가는길동해-> 시청 방향 고양이 사체 ,고양이
464,2022-04-01 13:16,"동물사체 - 입암동 제이엠유치원 앞 도로,  언덕길 중간에 하얀색 강아지 사체",강아지
465,2022-04-04 11:43,로드킬 신고 -> 경포에서 순긋해변 지나서 가이텍팬션 건너편 고양이 로드킬 ,고양이
466,2022-04-04 12:00,"고양이 로드킬 당함- 순긋해변으로  순포습지로 가는 방향, 중간에 추어탕집 바로 앞 도로에 고양이 사체 있음 ",고양이
467,2022-04-04 18:13,mbc~종합경기장 가는길 도로 고양이로드킬,고양이
468,2022-04-07 10:46,경포-집앞에 갈매기인지 비둘기 두마리가 죽어있음. ,비둘기
469,2022-04-07 17:19,[로드킬] 7번국도에서 나가다보면 농수산물시장~남강릉 아이씨  고양이,고양이
470,2022-04-07 17:24,[로드킬] 시청앞에서 7번국도를 통해 나가다보면 농수산물시장~남강릉 IC  가기전( 국도) 고양이? 사체,고양이
471,2022-04-08 14:34,"율곡교차로 한전케이디엔 강릉지점 건너편, 사슴이 다리다쳐있다고 연락주심",사슴
472,2022-04-11 10:45,"로드킬신고.농산물도매시장 후문간판 있는곳, 고라니사체 ",고라니
473,2022-04-11 11:04,(로드킬) 내곡교에서 남산공원 방향 중간쯤 고양이 로드킬 문의,고양이
474,2022-04-11 11:19,강릉대교에서 내곡교 가는 방향 고양이 로드킬 신고 전화를 주심 ,고양이
475,2022-04-12 12:18,[로드킬]병산동 낚지대장 밥집앞  인도  나무아래 고양이 사체,고양이
476,2022-04-14 15:14,[로드킬] 율곡로 ;(시내~바닷가쪽으로 나가는 방향) 현대주유소 못미쳐서 고양이사체,고양이
477,2022-04-15 09:10,"7번국도 위, 내곡동~정동진~강남구장 신호받는 사거리, 사거리에서 안인쪽으로 가다보면 '보리사' 가기 전 도로에 고라니사체 1개,  그 뒤로 쭉 가다보면 남강릉 주유소 지나서 강릉방면 도로 갓길에 고라니 사체 1개. ",고라니
478,2022-04-15 10:06,"연곡에서 주문진가는 방향, 2차선 도로 신생빌라 200m 전, 족제비나 너구리 사체",족제비 or 너구리
479,2022-04-15 13:32,"비둘기 사체 - 내곡동 남대천 강변로 169 푯말이 적혀져 있는 곳 계단 내려오자마자 왼쪽편 잔디, 깻잎두마리치킨 건너편 쪽.",비둘기
480,2022-04-18 14:14,동물사체신고위치:주문진 정보고등학교 ~골목길 나가서 차다니는 사거리. 국민아파트(고양이사체)신고인,고양이
481,2022-04-25 09:03,고양이 로드킬 신고.시청에서 7번국도 내곡동 방향으로 다리건너자마자 고양이 사체있음.,고양이
482,2022-04-25 09:25,송정한신 더휴에서 뚝방길 부근 토지매매 현수막 붙여 있는 부근 고양이 로드킬 신고 ,고양이
483,2022-04-26 11:50,남산막국수앞에 도로에 고라니있음. ,고라니
484,2022-04-27 09:40,"[로드킬]카페브로 도로앞  교동~중앙감리교회 초당동 나가는 도로변 ,고라니 사체",고라니
485,2022-04-27 16:05,다친 고라니 신고.택지~경포5거리 방향의 동천해물찜 조금지나 전봇대 근처 숲으로 일단 들어갔음.,고라니
486,2022-05-02 10:51,[로드킬]안현동 737 동신원예종묘 건너편 2차선도로에 강아지? 사체,강아지
487,2022-05-03 09:25,"고라니사체, 회산로 43-29호 앞도로",고라니
488,2022-05-04 08:34,고라니 사체 임압로32 더샵아파트 방향으로 조금가면 인도에 있음,고라니
489,2022-05-04 11:09,[로트킬] 강릉~주문진 국도 타고 가다보면 주문진 터미널 내려가는 길에  강아지 사체,강아지
490,2022-05-04 11:38,고양이사체 신고강릉~주문진방향으로 신생빌라 쪽으오 내려가는 내리막길 도로에 있음,고양이
491,2022-05-06 10:55,강릉 법원~ 아산병원 가는방량.70 km 속도제한 가기전에 강아지 사체 있음.,강아지
492,2022-05-06 11:12,"[로드킬] 강릉에서 아산병원가는 방향 도로 오른쪽에  SK주유소 못미쳐서 동물사체, 뭔지는 모르겠고 덩치가 큼",불명
493,2022-05-06 16:45,사천 -다친 까치 도움 요청,까치
494,2022-05-09 09:32,로드킬 -> 7번국도에서 강동면 보성레미콘 방향에서 동해 방향 제설비축창고가 있는 바로 맞은편 고라니 로드킬 신고 전화를 주심,고라니
495,2022-05-09 13:38,"교동택지 올리브영앞, 쇼크중인 고양이 있다고 연락주심",고양이
496,2022-05-10 12:36,"국도에 고라니 사체 - 7번국도 위, 시내 - 임곡리 쓰레기매립장 가는 방향 도로 . GS충전소 지나서. 임곡천교 지나서 오르막길",고라니
497,2022-05-11 12:51,"노루사체,  과학단지로105 HASS 회사정문앞",노루
498,2022-05-12 08:30,로드킬 -> 남강릉 ic 들어오늘 입구 동해에서 남강릉 방향 하이패스 들어오기 전,불명
499,2022-05-23 09:07,"강동면 모전리, 동그린 에서 올라가다 보면 장작골 다리 가기전 산불감지초소 가기 전 오소리 로드킬, 부패됨, ",오소리
500,2022-05-23 12:59,비둘기가 다쳤다고 문의 입암2주공 놀이터 ,비둘기
501,2022-05-24 08:33,박월동 강릉수영장에서 농기계 사업소 가는방향 도로변 중앙선에 고라니 사체있음,고라니
502,2022-05-24 09:12,남강릉에서 강릉방향 과속카메라 있는 쪽 중앙 가드레일 쪽 고라니 로드킬 신고 ,고라니
503,2022-05-24 16:14,"새가  눈을 다쳐서 민원인댁 마당에 왔다고 구조문의, 강동면 풍호안길95-6 (하시동리)",새
504,2022-05-24 16:36,월화거리임 자전거가 비둘기를 쳐서 죽음 사체처리해달라고 하심  베니닭강정앞,비둘기
505,2022-05-26 15:44,주문진 터미널오거리 부근(도립대~터미널방향) 타이어뱅크 조금 못미쳐 고양이사체 있다고 신고,고양이
506,2022-05-26 16:50,주문진. 큰다리에서 중학교 방향으로 큰다리 끝나는 지점에 고양이 사체 ,고양이
507,2022-05-26 17:18,우미린아파트 관리사무실. 둥지에서 새끼새 몇마리가 떨어져있어 구조해가는곳 문의,새
508,2022-05-27 11:54,고라니사체 신고연곡~소금강방향. 송림4거리 500미터 전 2차선 도로에 있음.,고라니
509,2022-05-30 14:18,"동물사체 신고,유천택지  더테라스~사임당로 4거리 신호등 있는 부근",불명
510,2022-05-31 16:35,고양이로드킬신고사천갈골한과 조금 지나서 있음.,고양이
511,2022-06-03 09:03,길고양이 로드킬- 내곡한라아파트 앞 디스카운트 도로에 있음,고양이
512,2022-06-03 17:54,"고양이 사체 - 우미린쪽앞 도로갓에 고양이 사체 있음.  우미린 아파트, 미디어촌 사이 공원앞 도로 ",고양이
513,2022-06-03 18:08,"동물사체 - 홍제동, 도로 쪽에 고양이가 죽어있어 , 우미린 아파트랑 미디어촌 5단지 사이 정자 옆에 자전거 대는 곳이 있는데 고양이 시체가 있어서 전화주심.",고양이
514,2022-06-07 08:31,강릉 ~ 아산병원 방향 고가 고라니 로드킬 신고 ,고라니
515,2022-06-07 08:48,고양이 로드킬 -  내곡 기산아파트 앞 (구정에서 관동대학교 가는방향) ,고양이
516,2022-06-07 15:24,고양이로드킬신고연곡면 농산물가공센터에서 500m정도 올라가서 반대편 도로에있음.,고양이
517,2022-06-08 08:56,다람쥐 로드킬 신고강남 축구공원에서 입암동 넘어가는 회전교차로 ,다람쥐
518,2022-06-10 09:44,고라니 사체 신고(주문진에서 강릉방향으로 북강릉농협 부근 2차선 도로에 고라니사체 있음),고라니
519,2022-06-13 13:36,"비둘기 사체 - 입암동 성덕로 316-11 도로, 디저트 39상가 앞",비둘기
520,2022-06-13 17:14,"동물 사체 - 시내 양돈농협앞, 고양이 사체 ",고양이
521,2022-06-13 17:27,[로드킬]시내한복판 뱅뱅 앞 도로 고양이 사체,고양이
522,2022-06-14 12:38,"칠봉로592-33,애술고 부근, 구정면 제비1리 경로당에서 철로교각밑에서 좌회전후  다시 우회전해서 하천변따라 가다보면 다친 고라니가 물에 앉아있다고 함. ",고라니
523,2022-06-14 12:58,"칠봉로592-33,애술고 부근, 구정면 제비1리 경로당에서 철로교각밑에서 좌회전후  다시 우회전해서 하천변따라 가다보면 다친 고라니가 물에 앉아있다고 함. ",고라니
524,2022-06-15 09:45,국민콜 -고라니사체 신고.(사임당로 70 건물앞 도로에있음),고라니
525,2022-06-16 17:56,[로드킬]가게앞 도로변 강아지사체; 강릉역~옛날소방서 자리 가는 도로변,강아지
526,2022-06-20 16:19,"이마트뒤에 뚝방길 차다니는도로 고양이 사체있음,",고양이
527,2022-06-20 17:11,고양이로드킬 - 이마트 회전교차로 가기전 부근  ,고양이
528,2022-06-22 15:28,연곡면 영진리 삼천리아파트 웅벽 바로 옆 도로변에 고양이 로드킬 신고 전화를 주심 ,고양이
529,2022-06-22 16:44,"구정 여찬리 주택단지 마을, 전봇대 밑 까마귀 두마리가 죽어 있어서, / 말미길 116번지 바로 앞 전봇대 ",까마귀
530,2022-06-23 12:08,고양이 사체 - 이마트 뒤편 주차장에서 나오는 뚝방길  삼우은성이랑 이마트 사이에 상자에 담아서 두셨음,고양이
531,2022-06-24 08:44,구정약국에서 관대가는방향 도로변(타일학원앞) 노루 로드킬,노루
532,2022-06-24 12:32,입암동  보영반점 앞. 새끼고양이 사체,고양이
533,2022-06-27 09:03,"삼산리 고양촌 앞, 고양이 사체 고양촌 입간앞에 풀숲에 있음.",고양이
534,2022-06-27 10:05,내곡동 관대쪽 4거리 임시 회전교차로쪽에 청동오리 4마리,청동오리
535,2022-06-28 12:08,"사체 - 고양이 , ktx역앞 오거리",고양이
536,2022-06-30 13:05,썬프라자에서 시장쪽으로 가는 도로변에 고양이가 죽어 있다고함. ,고양이
537,2022-06-30 18:22,강릉아레나 회전교차로에서 택지방향으로 세븐일레븐편의점 가기전 지저머에  차에 차인 고양이 있음.,고양이
538,2022-07-01 16:05,"국민콜명주예술마당옆, 새가 다쳐있고하시고 종결됨",새
539,2022-07-04 08:34,로드킬- 입암 1주공 들어가는 입구에서 아기 고양이 사체,고양이
540,2022-07-04 08:57,아기고양이 동물사체 - 노암초등학교  올라가는길 피아노 있는 건물  인도중간에 있음. 학교로 들어가는 인도 중간쯤.  ( 정문에서 보면 아이들 다닐수있게  안전바해놓은부근) ,고양이
541,2022-07-04 10:38,유천택지 회전교차로 지나서 유천동느릅내 내려가는곳  고양이사체 ,고양이
542,2022-07-05 18:16,유승한내들 건너편 이디아커피숍 옆 CU편의점앞에 현금 인출기 틈새에 새끼오리가 들어가있음.,오리
543,2022-07-06 10:01,고양이 사체 신고.교동 현대2차아파트 206동옆 바깥쪽도로에 있음.,고양이
544,2022-07-06 11:55,도로변 사체있음. 병무청에서~ 쌍둥이 회전교차로 방향.죽은지 오래되서 말라 비틀어짐 / ,불명
545,2022-07-06 12:35,"강릉~주문진방향, 오죽헌 지나고 즈므고가전 gs칼텍스 주유소 건너편 남선알미늄 앞이라고함.사체는 노루라고하심.",노루
546,2022-07-06 12:43,"강릉~주문진방향,  즈므고가 가기전 남선샤시앞 강아지사체라고하심.",강아지
547,2022-07-06 14:59,새끼 고라니 로드킬신고강릉대 들어가는 삼거리 큰도로에 있음,고라니
548,2022-07-08 08:54,"경포~ 카이스트방향 도로, 카이스트 지나고 삼거리전에 고양이사체",고양이
549,2022-07-08 09:39,"비둘기가 날개를 다쳐 날지못한다고 연락주심.성덕포남로21-5, 우리누리 노인복지센터",비둘기
550,2022-07-08 17:26,홍익돈가스 사거리 폭포에 강아지 죽어있다고 하심 ,강아지
551,2022-07-11 09:34,"로드킬 고양이, 송정 아이파크 근처, 안목쪽으로 더 가서 우측 중앙차선 근처",고양이
552,2022-07-12 11:25,고양이 사체- 화부산로 99번길 11 앞 도로 ,고양이
553,2022-07-12 17:04,포남동 대동모피 바로 옆 고양이 로드킬 문의,고양이
554,2022-07-13 11:00,새끼고양이 로드킬 신고.하이영진펜션에서 사천해변쪽으로 나가는 도로에있음.,고양이
555,2022-07-15 11:50,"펜션 근처에 고양이 사체  - 안현동 224-56번지 올라가는 길에 고양이 사체 , 오르막 경사로 가운데..씨엔뷰펜션, 탑펜션",고양이
556,2022-07-15 12:22,길거리에 고양이 사체 - 강릉세무서 바로 앞.,고양이
557,2022-07-15 12:36,고양이 로드킬신고강릉시청에서 솔올 교차로 가는방향(7번국도) 단속카메라가 있는곳에서 200m 정도 내려오면 1차선에 죽어있음,고양이
558,2022-07-15 14:19,"고양이 사체. 송정동 시몬스 침대 앞, 현대자동차 대리점 있는 곳",고양이
559,2022-07-15 14:20,[로드킬]송정동 LG전자앞  도로한가운데 로드킬(고양이),고양이
560,2022-07-15 14:22,"고양이 사체. 송정동 시몬스 침대 앞, 현대자동차 대리점 있는 곳",고양이
561,2022-07-15 15:02,[로드킬] 영동대학교 정문~성산면 쪽으로 조금가다보면  첫번째 지하도 유턴하는 곳에 고라니 사체 신고,고라니
562,2022-07-18 08:28,"고양이 사체 -  남대천 다리 위, 경포중학교-> 중앙시장으로 가는 1차선 ",고양이
563,2022-07-18 08:41,"경포오거리~경포방면 300미터 지점, 고양이사체",고양이
564,2022-07-18 11:55,[로드킬) 강릉청유주유소 앞  2차선 고양이 사체,고양이
565,2022-07-18 12:36,"세인트존스~ 강문방향 , 고양이사체 -해안로라고함.",고양이
566,2022-07-18 12:57,"초당순두부 간판있는 입구, 강문동 146-37 고양이로드킬",고양이
567,2022-07-18 13:05,초당두부마을 간판있는곳 고양이 로드킬,고양이
568,2022-07-18 15:34,로드킬 신고-> 하슬라아트월드 들어가는 입구 뱀 죽어있다고 함,뱀
569,2022-07-19 14:25,"[로드킬]강릉역로타리~구터미널 시작부분, 고양이 사체",고양이
570,2022-07-20 08:54,고양이 사체 - 한솔초 사거리에서 한전 내려가는 방향으로 1차선 라인에 고양이 사체 있음 ,고양이
571,2022-07-21 11:03,[로드킬] 병무청에서 로타리지나 농공단지? 바로 건너편 (시청으로 들어오는 길) 고양이 사체,고양이
572,2022-07-21 11:23,"[로드킬] 구정프라자약국앞 신호등 , 새끼 고양이",고양이
573,2022-07-21 13:57," 골목에 고양이 사체  - 형제칼국수 바로 옆에 집 , 황기석쇠불고기 ",고양이
574,2022-07-22 11:32,강아지 사체신고.( 구정초등학교  바로 인근 다리위에 있음),강아지
575,2022-07-22 11:55,구정초등학교 앞 다리.고양이사체 신고인:,고양이
576,2022-07-25 08:29,객사문사거리 농협횡단보도앞 동물사체,불명
577,2022-07-25 08:32,죽헌길156 . 너구리사체,너구리
578,2022-07-25 09:02,내곡동~ 구정면가는길 삼교리막국수 가기전 고양이사체,고양이
579,2022-07-25 09:13,동치미막국수 ~내곡동 방향 삼교리막국수 지나자마자  1차선에 고양이사체 ,고양이
580,2022-07-25 09:19,교동 삼교리막국수 바로 앞 고양이 로드킬 신고 문의,고양이
581,2022-07-25 16:09,고양이 로드킬 1. 사천면 진리해변길 솔바로횟집 바로앞 주차장에 고양이 사체있음2. 사천 회전교차로(중앙동로) 돌면 바로있음. (농협가는길),고양이
582,2022-07-25 16:34,강아지사체 신고(정확한 위치 파악 안됨)주문진 도깨비촬영지 버스승강장 인근에 멤버스모텔 건너편 백사장. 도로연석에 물빠지는 하수구있는쪽에있음. 확시 누가 먼저 치웠을경우에는 바닥에있는 피를제거해달라고 요청하였음.,강아지
583,2022-07-26 08:29,"월대산로85-29, 새가 다쳤다고 연락주심",새
584,2022-07-27 08:30,"사체 - 율곡로2698, 블루핸드 입암점 앞에 신호등 잇는 횡단보도, 고양이 사체 ",고양이
585,2022-07-27 08:51,"로드킬- 청솔공원 들어가는 자회전차선, 주문진방면,삼거리 동물사체, ",불명
586,2022-07-27 09:17,"고양이사체, 사천에서 청솔공원 가기 직전 신호받기 전 부근 도로에 있음.",고양이
587,2022-07-27 16:08,홍제동주민센터 위 농협주유소 앞 고양이 사체,고양이
588,2022-07-28 08:34,"로드킬 - 남강릉 IC가는 길에 박월마을(수영장있는쪽)  지나서 직진해서 200미터 가면 있음. 큰 고양이 , 강아지","고양이,강아지"
589,2022-07-28 08:37,산양큰길24번길 4 고양이사체,고양이
590,2022-07-28 11:56,"[로드킬]교1동주민센터 옆 도로 교동광장로 4거리, 고양이사체",고양이
591,2022-07-28 12:31,"고양이 사체 - 교1동 주민센터 앞, 치과대학가는 2차선 고양이 사체",고양이
592,2022-07-28 16:00,[로드킬] 고양이 사체  노암동 남부로 131 수원왕갈비~ 관대쪽 조금만 올라오다보면 (50미터쯤?) 술통(음식점) 바로 앞 인도 ,고양이
593,2022-07-29 12:59,고양이 로드킬 신고 위치 : 아산병원에서 시내로 오다보면 과학단지 빠지기전에 도로변에 있음 ,고양이
594,2022-07-29 13:07,"사천=>강릉방향 즈므고가 시작점, 강아지 사체",강아지
595,2022-07-29 13:23,"로드킬 동물 사체, 주문진에서 나오다 보면 즈므고가 도로 가기 전, 멤버스골프장. / 고양이 또는 강아지 사체",고양이 or 강아지
596,2022-08-01 17:22,"경포에 주문진 오는 길 동물사체, 사근진해변 쪽 cu편의점 조금 못와서, 고양이 사체",고양이
597,2022-08-04 08:42,고양이 로드킬신고.택지~터미널방향의 회전교차로에 있음.,고양이
598,2022-08-04 15:17,고라니 사체 신고.하슬라아트월드 입구에서 정동진방향으로 있음.,고라니
599,2022-08-05 12:02,"성산 산북리, 별내리는 산북가게에서 위로 올라가는 길에 고양이 사체있다고 하심.",고양이
600,2022-08-05 17:35,[로드킬] 롯데주류  강건너 맞은편 예전한전 자리  도로에 고양이사체,고양이
601,2022-08-05 17:52,"[로드킬] 남부로 283 ,대승포장건설 앞 도로, 고양이사체",고양이
602,2022-08-05 18:04,"남부로 283 ,대승포장건설 앞 도로, 고양이사체",고양이
603,2022-08-08 12:22,인도위에 죽은  생쥐있음. 처리 요청.교동택지 24시콩나물국밥 가게와 옆건물 사이 인도위에 있음.,쥐
604,2022-08-09 08:46,고양이 사체 -  남항진-> 중앙초 가는길 현포도 앞쪽 2차선,고양이
605,2022-08-10 15:00, 파인아트라벨 맞은편 낚시줄에 걸려서갈매기가 날지못하고 있다고 안내,갈매기
606,2022-08-10 16:13,로드킬 강릉속기 사무소 바로 앞 로드킬 신고 ,불명
607,2022-08-10 16:45,"다친 고양이 구조 문의 , 택지 부영아파트 501동 부근 ",고양이
608,2022-08-11 09:33,"옥천로19번길 16 구. 대신화물자리(썬 소주방), 고양이 사체",고양이
609,2022-08-11 12:13,[로드킬]고양이 사체- 법원건물 뒷길 골프장 가는길 쓰레기배출장소부근 도로가,고양이
610,2022-08-11 17:36,고양이 로드킬MBC 방송국 앞 도로변 ,고양이
611,2022-08-12 09:03,"고양이 사체, 입암동 능나도회냉면 가게 앞 성덕로 차도 쪽에 한마리 ",고양이
612,2022-08-12 10:15,고라니 사체 처리  택지 송원불가마,고라니
613,2022-08-12 14:24,110번- 로드킬 신고위치:입암동 이글스크린골프 앞 도로 새끼고양이 사체/ ,고양이
614,2022-08-16 09:02,"로드킬 신고, 이마트 쪽에서 옥천동 방향 가는 길, 유니클로 가기 전 구간 / 아기고양이 1차선 도로 중앙",고양이
615,2022-08-16 10:20, 고양이 사체 처리 요청 - 명성흙염소 ( 옥천동) 식당뒤에 길고양이가 죽어서 사체 냄새남.   수문길 60-1,고양이
616,2022-08-16 10:50,로드킬 신고 -> 영동고속도로 강릉ic 로드킬 신고건에 대한 문의,불명
617,2022-08-17 09:44,죽은쥐 위치 : 가작로 252번길 20 안다미로피부관리샵 앞 ,쥐
618,2022-08-17 10:25,"청솔모 사체, 주문진-강릉 나가는 방향 도로 (7번국도) 구라미온천에서 조금 더 넘어가서 1차선 중앙 가드레일 쪽",청솔모
619,2022-08-17 12:57,"(로드킬)영진해변 해수욕장 초입에  버거집 못가서  커피숍, 처음처럼횟집앞 , 새끼고양이 ",고양이
620,2022-08-17 13:38,고양이 사체 신고 왕산면 말구리제쉼터 2차선도로에 있음,고양이
621,2022-08-17 18:28,주문진2주공아파트~우신아파트 가는길 굴다리 . 다친 새끼고라니 ,고라니
622,2022-08-18 08:38,"안인발전소 근처, 낚시줄에 갈매기가 걸림.",갈매기
623,2022-08-18 09:23,도로에 고양이 사체 - 강릉의료원쪽 버드나무 브루어리 술집 앞 도로  ,고양이
624,2022-08-19 16:01,장덕리 수해복구현장 갔 장덕1리 마을회관 들어가는 큰 다리(천건너간는 )  입구 대로 검은개 사,개
625,2022-08-19 16:59,"집 앞에 참새가 7마리 정도 되는데, 나란히 일렬로 죽어있음. 교동 1898-13, 행복이가득한집. 근처에 버거킹 있음",참새
626,2022-08-22 12:40,테라로사 경포점에서 올림픽파크 가는 방향 도로변 고양이 로드킬 cu편의점 지나서 1차선 ,고양이
627,2022-08-22 13:01,고양이 로드킬신고주문진에서 강릉가는방향 7번국도 부근 S-OIL 주유소 있음. 주유소 반대편 차선에 노란색고양이 죽어있음,고양이
628,2022-08-23 10:19,상가 주택가. 로드킬 당한 고양이강릉대로210번길 5-3 이경혜어 바로 앞,고양이
629,2022-08-24 09:22,"[로드킬]회산동 경로당 바로 앞, 고양이 사체; 회산떡방 지나 우회전  힐스테이트아파트 들어가는 진입로, 회산마을회관(경로당) 바로 앞 도로 ",고양이
630,2022-08-24 10:14,"회산동 경로당 바로 앞, 고양이 사체; 회산떡방 지나 우회전  힐스테이트아파트 들어가는 진입로, 회산마을회관(경로당) 바로 앞 도로 ",고양이
631,2022-08-24 14:46,고양이 로드킬 신고강릉커피명주가 라인에서 병산마을 들어가는 방향으로 차고지로 사용하는 넓은공터있음. 공터입구 인도위에 있음. ,고양이
632,2022-08-24 15:03,"장덕리쪽 고라니 새끼가 다쳐서, 신리천로라고 되어있고 장덕리복숭아마을 들어와서 파란색창고있는 도로 옆,",고라니
633,2022-08-25 08:50,새끼고양이 로드킬 신고.강릉경찰서에서 강릉역회전교차로 방향으로 100m정도간 지점의 중앙선에 있음.,고양이
634,2022-08-25 11:46,"강아지 사체, 남대천 둔치 주차장, 영생당한약방 계단 올라와서 왼쪽편 나무 그늘",강아지
635,2022-08-29 10:07,위촌리 이주환갈비탕 입구에 고양이사체 있음.,고양이
636,2022-08-30 10:53,"[로드킬]  이건창호마루(남부로 166) 부근 반대편 차선 (횡단보도 지나서  ) ,고양이 사체 ",고양이
637,2022-08-30 10:55,고양이 로트킬 신고강남촌 인근에 카센터 있음. 그지점 도로중앙에 있음.(방향은 관대방향),고양이
638,2022-08-30 11:38,"경포고~초당넘어가는길, 포남2주공부근 /고양이사체 ",고양이
639,2022-08-30 16:41,주소:주문진 항구로 60 / 광명건어물 앞 도로 고양이 사체있음*신고인,고양이
640,2022-08-31 14:23,교동 하나약국 바로 앞 도로에 새가 죽어 있다고 하심,새
641,2022-08-31 14:59,"도로에 고양이 사체  - 입암동, 고성생선찜 옆에 고기집 상가앞 보도블럭에 있음. 보도블럭에 화분 옆쪽",고양이
642,2022-08-31 15:02,"고양이 사체 처리 건, 강릉시 남산초교길 25번길 23 남산그린슈퍼 앞 주차장에 사체 1구 있음",고양이
643,2022-09-01 09:08,고양이사체 신고.강릉노동부 건너편 신호등 지점에 있음,고양이
644,2022-09-01 09:51,"화부산로 8번길 5, 집 앞에 바로 고양이 로드킬 문의",고양이
645,2022-09-02 08:38,"고양이 사체 - 교1동 주민센터에서 7번국도 타고 내곡동쪽으로 가는길, 오른쪽 유천 소방서로 빠지는 길쯤에 있음.",고양이
646,2022-09-05 09:38,(로드킬) 주문북로 116-5 빌라 들어가는 입구 도로변에 고양이 로드킬,고양이
647,2022-09-06 09:55,고양이로드킬적십자 사거리 현대자동차에서 하이마트 방향 도로변에 있음,고양이
648,2022-09-06 16:53,"국민콜 110- 로드킬 사체 신고. 위치 : 초당동 송도불향쭈꾸미 도로 앞, 새끼 강아지가 차에 치여 경련을 일으키고 있음.",강아지
649,2022-09-06 16:54,"강아지사체, 초당 한솔순두부 앞",강아지
650,2022-09-07 09:12,110번-매장에 다친박쥐있음주소:강변로 50,박쥐
651,2022-09-08 09:36,[로드킬] 포남동  대영주유소 맞은편 정선달 고기집 바로앞 고양이사체,고양이
652,2022-09-13 08:32,로드킬 -> 노암동 안땔골 농원 바로 앞 도로변 고양이 로드킬 ,고양이
653,2022-09-13 15:18,고양이 로드킬강남동에서 한국자동차매매 지나서 정동진 넘어가는 동해대로 도로변 사거리에 고양이 사체 있음  ,고양이
654,2022-09-13 17:10,[국민콜]로드킬-박월길 2번길 논둑길; 수영장과 민속박물관 들어가는 입구 사이 논둑길에 고라니사체 죽은지 오래된것같음,고라니
655,2022-09-14 14:45,"고양이 로드킬, 유천동 ~ 송암 즈므가는 쪽 과학단지로 가는 길 굴다리 가기 전(송암 이정표) 오른쪽 차선",고양이
656,2022-09-14 17:00,"도로변 고양이 사체 있음. -  노암동에서 7번국도 올라가는 새로난 길,  올라가다보면 직진하면 모산, 왼쪽으로 가면 동해가는곳, 오른쪽 교동쪽.신호대기하기전에 공사하는곳있고 그 앞도로변 ",고양이
657,2022-09-16 11:50,"노루 사체, 강원모터스 공장 맞은 편 밭두렁",노루
658,2022-09-16 17:21,[로드킬]경포현대아파트 뒷길에서 보면 111동이 바로 보이는데  맞은편 빨간집옆 비닐하우스 앞 강아지사체가 있음 ,강아지
659,2022-09-19 08:46,회산동 홍제스크린 도로바로 앞 도로변 로드킬신고,불명
660,2022-09-19 08:47,로드킬 사체신고- 상호면 변경지디알아카데미하슬라점. 회산동에서 시청 나가는 방향. ,불명
661,2022-09-19 16:08,"[로드킬]고양이사체,초당동 세양청마루 아파트 입구 아스팔트 위",고양이
662,2022-09-21 11:25,"동물사체, 삼개사~ 사거리 신호등 방향 내려가는 길에 사체있다고 하심.",불명
663,2022-09-22 08:52,성산에서 영동전문대 내려오는길에 영전 못 가서 중간에 중앙선 철망옆에 고양이 사체 있음.  ,고양이
664,2022-09-22 13:01,[로드킬] 왕산면 들꽃마을 버스 승강장,불명
665,2022-09-23 09:30,포남동 용지아파트 도로변 고양이 로드킬 있음. 경강로 2213 디자인데코 앞 대로변에 있음,고양이
666,2022-09-26 08:38,로드킬 동물사체 - 박월동 수영장에서 위쪽 남강릉IC방향으로 올라가면 삼거리 나옴. 삼거리 지나면 반대편 있음. 진돗개 새끼 사체 ,개
667,2022-09-26 09:02,학산교차로에서~강릉수영장 방향으로 동물사체 있음.,불명
668,2022-09-26 09:17,로드킬 동물사체- 구정 학산교차로에서 강릉방면으로 들어가는길에 강아지 사체  ,강아지
669,2022-09-27 08:59,"고양이 사체 - 임당동 선거관리위원회 옆길, 나무옆에 사체 있음.",고양이
670,2022-09-28 09:09,"동물사체 - 국군강릉병원 좌회전하는곳, 7번국도에서 국군강릉병원으로 좌회전하는길에 있음. 국군강릉병원 들어가는 입구 좌회전, 강아지 사체, ",강아지
671,2022-09-28 10:44,포남배수지 옆쪽 산길 고라니로드킬 관련으로 연결 요청 ,고라니
672,2022-09-28 10:46,동물 강아지 사체 - 양양에서 주문진 나오는 쪽 향호주유소 입구 ,강아지
673,2022-09-30 08:44,1주공에서 롯데캐슬 큰 도로 사이 고양이 로드킬 신고 ,고양이
674,2022-09-30 09:40,고양이사체 신고.강동주유소 회전교차로 지나서 백암순대국 방향으로 2차선 도로위에 있음.,고양이
675,2022-09-30 11:46,호호애견지나 명륜고 올라가는길에 강아지 사체,강아지
676,2022-10-04 11:22,"로드킬 신고(새끼고양이), 교동 길막국수 - 강릉교회 방면 회전교차로 있음/회전교차로랑 길막국수 사이 도로, ",고양이
677,2022-10-07 17:35,"고양이 사체, 관동대 정문 세븐일레븐앞에 있다고 하심.",고양이
678,2022-10-13 08:37,고양이 사체 - 18전투비행단 신호등있는 사거리,고양이
679,2022-10-13 13:21,"성연로897, 고양이사체",고양이
680,2022-10-17 09:51,고양이 사체 - 새로생긴 회전 교차로  ( 강남자동차매매상 적혀있는곳 전 )  지나서 2차선 지나서 사체 있음. 남강릉 IC,고양이
681,2022-10-17 10:57,"사체 - 성산면에서 시내방향, 나오는 도로상에 주문진 과학단지로 빠지는 고가도로 직전에 사체 있음. 사체 종류는 알수없음. ",불명
682,2022-10-17 12:20,"입암동 맘스터치 건물뒤 주차장 비둘기 사체있음, ",비둘기
683,2022-10-17 14:30,고양이 로드킬 신고-> 교1동 주민센터 사거리에서 시청 방향 쪽 ,고양이
684,2022-10-17 14:30,솔올교차로 부근 동물사체,불명
685,2022-10-17 16:57,주문진-> 강릉 방향 청솔공원 사거리 대기하는데 노루가 치어서 죽음. ,노루
686,2022-10-17 17:10,고라니 사체 로드킬 신고 - 사천방향 청솔공원 앞 쪽 ,고라니
687,2022-10-18 12:16,"강릉 IC 강릉으로 들어오면서 국도로 들어서는 입구, 안전지대에 고양이 사체 ",고양이
688,2022-10-19 08:31,"사체- 종합운동장 주변에 LPG충전소에서  10미터 정도  ( 율곡중학교쪽으로 내려가는길) 자동차매매상 있는길에서 경포오거리 방향으로  고양이 1, 2차선 사이 전달  ",고양이
689,2022-10-19 08:47,고양이 사체 - 내곡동 범일로 주유소에서 기산아파트 방향 이누스바스(욕실용품) 바로 앞 도로변 ,고양이
690,2022-10-19 08:56,로드킬 신고 -> 관동대학교에서 구정방향 기산아파트 대로변에 고양이 로드킬 신고 문의,고양이
691,2022-10-19 09:37,"국토관리사무소, 내곡동 아우라지식당 앞 고양이 사체",고양이
692,2022-10-19 13:26,로드킬 신고 -> 장덕리 500년 은행나무 바로 앞 큰길 도로변 고양이 로드킬신고 ,고양이
693,2022-10-20 08:54,로드킬 신고 ->7번국도 강릉대에서 주문진 방향 도로변 ,불명
694,2022-10-20 15:21,"고양이사체, 강릉원주대 기숙사 사임당관에서 나오는길, 운동기구 있는 곳이라함.",고양이
695,2022-10-24 08:38,로드킬 -> 즈므고가 아산병원 가는 방향 고가 끝쪽 중앙분리대 로드킬,불명
696,2022-10-24 08:48,월화의거리 버스킹 행사하는곳에 고양이 사체 있음,고양이
697,2022-10-25 16:57,[로드킬] 작은새가 유리에 부딪혀 죽음 레드망치 건물내  -,새
698,2022-10-26 08:56,"공군부대, 부대안에 너구리있음. 길가에 다쳐있음. ",너구리
699,2022-10-26 09:19,[로드킬] 현성공장 도로앞 고라니사체 있음.주소: 율곡로 2317.,고라니
700,2022-10-26 15:53,입암 5주공 세븐일레븐 편의점 앞 도로 한 가운데 있음(고양이사채).,고양이
701,2022-10-26 15:53,녹원아파트 앞 도로에 고양이 사체 처리 요청,고양이
702,2022-10-27 09:21,"동물사체 - 강아지 사체종류, 국군강릉병원앞 삼거리, ",강아지
703,2022-10-28 08:29,도로에 고라니 사체 - 과학단지로58-13  그앞으로 지나가면 코너가 있음.  고라니 사체  ( 포크레인 지나서 언덕배기 올라가면 코너에 있음),고라니
704,2022-10-28 16:37,"고라니 사체 요청 - 중앙고 후문 오른쪽 밭 건너편 , 고라니 사체",고라니
705,2022-10-28 17:01,"중앙고 후문기준으로 건너편에 코너가있음.. ( 원마트 , 강릉중학교 가는길 쪽 건너편 ,강릉중학교에서 중앙고로 쭉가는보면 원마트 가려면 코너를  돌아야됨. 코너돌기전에 풀숲있음. ",불명
706,2022-11-01 10:27,고양이 사체 - 노암동 강남당구장 건너편에 전봇대가 있는데 거기에 삼색이 고양이 사체/ 임영로 26번길 3 ,고양이
707,2022-11-02 15:30,다친새 도움 요청.내곡동 남산삼익아파트 201동1~2호 라닌 1층 현관입구에 있음.,새
708,2022-11-02 17:35,동물사체 처리 요청( 내곡동 형분식집가게앞 ),불명
709,2022-11-04 08:37,"7번국도 상 고양이 로드킬, 청솔공원입구 삼거리 부근 중앙선에 있다고하심.",고양이
710,2022-11-04 08:59,바닷가 거닐다보니 바다새가 다리 다쳐서 움직이지 못하고 있음. 송정바닷가 새로 지은 리조트 부근 ,새
711,2022-11-07 08:47,시청앞에 시내방향 도로에 동물 사체가 있음. 고라니 같기도 함.,고라니
712,2022-11-07 10:11,연곡면 멧돼지 사체 신고,멧돼지
713,2022-11-07 14:04,포남동 백조아파트 - 아파트 3동 바로뒤에 죽은고양이 있음.,고양이
714,2022-11-08 14:08,강릉즈므고가에서 강릉방향 로드킬 신고 전화를 주심 ,불명
715,2022-11-08 15:17,로드킬 신고 -> 교동택지 메가커피 도로변 앞에 고양이 로드킬 신고 ,고양이
716,2022-11-09 08:31,"로드킬 - 영전-> 시내방향으로 1,2차선 사이에 있음. 고라니인지 개인지 모르겟음",고라니 or 개
717,2022-11-10 10:15,난설헌로아쿠아리움 입구 씨유 고양이 사체,고양이
718,2022-11-10 11:23,향호저수지옆 군부대 앞 도로에 동물사체,불명
719,2022-11-10 17:24,포남동 작은아씨 식당 가작로 상봉고양이 사체,고양이
720,2022-11-11 16:52,서부지구대- 다친 고라니 도움요청위치 : 소목길113-30번지 근처  도로공사 옆 굴다리,고라니
721,2022-11-15 12:10,[로드킬]포남동 이디아 커피숍앞 비둘기 사체처리,비둘기
722,2022-11-17 09:46,청량동 언덕 위 예전 마을슈퍼 앞에 고라니 다쳐 있다고 전화를 주심  ,고라니
723,2022-11-17 13:28,[로드킬]고라니 - 시청 바로 앞 홍제고가 지나 영동대 방향  큰길마트 앞,고라니
724,2022-11-18 09:06,로드킬 동물 사체 - 입암동금호어울림 ~ 새로 도로난 곳 쪽 로타리 가기 전 도로 중간에 오른쪽 차선 고양이 사체 있음,고양이
725,2022-11-18 10:27,메디팜 약국~ 디스커버리 옷가게 사이 골목 안에 고양이 로드킬 있다고 전화를 주심 ,고양이
726,2022-11-18 13:29,고라니 사체 - 샌드파인 골프장 입구에서 경포쪽으로 내려오는 대로변 도로에 있음,고라니
727,2022-11-21 08:28,한양만두 사거리에서 강릉역방향으로 내려가면 고양이 사체 ,고양이
728,2022-11-21 09:26,고양이 로드킬 -> 경강로 2213번길 (디자인데코 건물) 바로 옆 골목에 고양이 로드킬 ,고양이
729,2022-11-21 17:37,"고양이 사체 - 강릉원주대학교 정문 진출입로 부근 신호있는 사거리, 경포방면 도로",고양이
730,2022-11-23 10:10,"경강로 2015번길 21-1, 보일러실 고양이 로드킬 (위치는 직접 설명해주신다고 함)",고양이
731,2022-11-24 08:37,고양이 사체 - 구정하나로마트 앞에 언덕,고양이
732,2022-11-24 08:54,로드킬- 구정하나로마트에서 바로 위에 고속철도 다리 사이에 있음. 고양이 ,고양이
733,2022-11-24 15:59,"용지각길8, 고양이사체 ",고양이
734,2022-11-25 16:19,도로 고양이가 죽어 있음. 공항길 19강릉시니어클럽 바로 앞. ,고양이
735,2022-11-25 16:22,로드킬 -> 병산동 시니어클럽 맞은편 도로변 고양이 로드킬 ,고양이
736,2022-11-25 17:51,주문진 대게한마당 가게 앞 고양이 사체 ,고양이
737,2022-12-01 11:39,"내곡동, 범일로 547 건물 주차장, 고양이 사체 ",고양이
738,2022-12-01 14:55,[로드킬] 왕산 대기리 547번지 농노길에 고라니 사체  ,고라니
739,2022-12-02 08:54,정동진방향으로 하슬라아트월드 바로 직전 고양이 로드킬 ,고양이
740,2022-12-05 16:16,흰색강아지 로드킬신고위치 : 박월동 강릉수영장에서 강릉시청방향의 7번국도상.,강아지
741,2022-12-05 16:18,[로드킬]강릉시청~7번국도 타고 가다보면 내곡동과 노암동 빠지는 길 사거리에서 안인뱡향으로 500미터쯤  중형흰색강아지가 도로에 누워있음,강아지
742,2022-12-06 10:49,"농산물시장-남강릉 가는 방향학산교차로 사거리 가기 전, 1차선 고라니 사체",고라니
743,2022-12-06 11:32,고양이 사체 - 내곡한라아파트 앞 디스카운트마트,고양이
744,2022-12-07 14:02,안인에서 강릉방향 7번국도 무지개주유소 조금 지나서 고양이 로드킬,고양이
745,2022-12-08 17:36,[로드킬] 시내 기업은행 택시승강장 고양이사체,고양이
746,2022-12-09 12:55,노암동 임영로 41 고양이 사체  마노 카페앞,고양이
747,2022-12-12 17:05,"고양이사체, 오리나루5길 16-3 쓰레기장옆 전봇대에 있다고함.",고양이
748,2022-12-13 11:43,북강릉 톨게이트(속초~강릉) 나와서 고양이 사체 있음. 7번국도 나가기 전에 있음,고양이
749,2022-12-15 09:05,고라니사체 - 회산 제비리 물류센터 도롯가 (구정~회산) ,고라니
750,2022-12-15 13:04,"주문진버스터미널~도립대방향,  큰다리건너 바로 고양이사체 있다고 연락주심",고양이
751,2022-12-16 08:46,"고양이사체, 초당할머니순두부 가게 옆(초당순두부길77)",고양이
752,2022-12-16 11:12,골목길에 고양이 사체 있음.(성산)성산면 구산길 70-5 초록색담 옆에 종이박스안에 있음,고양이
753,2022-12-16 12:43,고양이 로드킬 신고.장용국색소폰아카데미 와 모두투어 앞 가로수밑에 있음.,고양이
754,2022-12-19 12:13,"노루 사체, 강릉시 운정동 649번지, 경포대 지나서 초당 순두부 들어가는 입구 쪽(인도 위에) . 초당순두부400년집,",노루
755,2022-12-20 09:06,"고라니 사체- 7번국도 상, 정동진으로 나가는 길, 구룡교에서 마을로 들어가는 길에 성산조경 입구.",고라니
756,2022-12-20 09:58,"시내에서 이마트방면, 용지각 조금 지나서 있음. 도로에 고양이 사체",고양이
757,2022-12-20 14:44,"고양이 사체 - 방동리 781번지, 전원주택이 많고, 아산병원 뒤쪽길",고양이
758,2022-12-20 15:09,고양이 로드킬 신고.(남항진 컨벤션웨딩홀 근처에 미돈삼겹살 맞은편 길에 있음),고양이
759,2022-12-21 14:20,"주문진 -> 강릉방향 해안도로 가는 길, 테라로사 인근 차량부딪혀서 고라니가 다쳐서 못 움직임. 다리만 다친거같음. 도로 가운데있음",고라니
760,2022-12-26 08:53,로드킬 -> 구정학산교에서 남강릉IC 방향 도로변에 고양이 로드킬,고양이
761,2022-12-26 13:11,[로드킬]고라니 사체 박월동 315  도로상 간판이 있은곳에서 100미터~200미터 지점,고라니
762,2022-12-28 08:36,"110, 로드킬 - 진고개로쪽, 연곡에서 진고개로 올라가는 방향 사체 있음. 고라니 , ( 소금강 지나서 송천방향 ) ",고라니
763,2022-12-28 10:10,성산면 관음리 - 성산면 314(보안등번호) 바로앞 고라니 로드킬 천왕사절 조금 지나서 있다고 함 ,고라니
764,2022-12-29 10:02,강릉시 강동면 상시동리 상시교 다리 근처 고라니 로드킬 신고 문의,고라니
765,2022-12-30 10:03,허균생가 초당한식 간판 앞에 고양이 사체,고양이
766,2022-12-30 13:07,"강동면에서 시내방향, 전투비행단 교차로 1km전에 있다고 함. 축종: 개",개
767,2023-01-02 12:38,"사천 농업기술센터 입구, 고라니사체",고라니사체
768,2023-01-02 17:29,"영동초교 정문부근, 큰새 로드킬",새
769,2023-01-03 08:38,"노암동 삼흥사 앞( 노암등길 102), 고양이 사체",고양이
770,2023-01-09 09:07,"도로 고라니 사체 - 7번국도, 주문진에서 읍사무소 가는 7번 국도주문진 읍사무소 로터리 지나서 양양방향 7번 국도 200미터정도앞 , 중앙 분리선 ",고라니
771,2023-01-10 10:27,고라니 사체 - 성산면 남밭다리 바로 위에 있음 ,고라니
772,2023-01-10 17:22,도로고양이 사체있음경포오거리~ 경포대 가는방향 ,고양이
773,2023-01-16 14:49,로드킬 -> 성산면 보광리 들어가는 입구 민들레동산에서 강릉방향 나오는 방향 강아지 로드킬 신고 ,강아지
774,2023-01-17 12:13,7번 국도 주문진읍사무소 사거리 표지판 있는 도로변 로드킬,불명
775,2023-01-17 16:27,국민콜 -> 고양이 로드킬 신고 : 회산동 점핑조이 건너편 바로앞 도로변에 고양이 로드킬 신고 전화를 주심 ,고양이
776,2023-01-18 18:16,로드킬 -> 농고 후문쪽에서 6주공 가는 방향 로드킬 ,불명
777,2023-01-19 13:46,"동물사체, 고양이사체- 죽헌동 포항칼라강판 앞 도로 중앙선에 있음",고양이
778,2023-01-25 11:41,강릉대학교 정문에서 7번국도 오죽헌 방향 고양이 로드킬 신고 ,고양이
779,2023-01-25 13:14,"홈플러스쪽에 로드킬 , 고양이 ( 회전교차로 가기전, 홈플러스를 앞에 보고 )",고양이
780,2023-01-26 09:54,"소금강 가는길, 퇴곡리 사거리 도로에 강아지 로드킬",강아지
781,2023-01-27 08:57,"로드킬- 난곡행정길  67 ( 샌드파인 골프장 뒷길에서 내려오는길. . 난곡길 큰길 ,아이리스 펜션쪽에서 난곡행정길로 내려오는길. )노란 고양이 사체",고양이
782,2023-01-31 12:16,고양이 사체 - 회부산로 18번길 14 주소에 있음,고양이
783,2023-01-31 12:57,[로드킬]강동면 메이플비치골프장 주차장 고양이사체,고양이
784,2023-02-01 08:51,"로드킬신고-코지마안마,기아자동차근처",불명
785,2023-02-01 09:05,새가 벽에 부딪혔는지 날지 못하고 있다고 함.영진1길 35-13,새
786,2023-02-02 11:04,"고양이사체, 강릉경찰서에서 동도센트리움 아파트 가는 도로에 있음",고양이
787,2023-02-03 11:24,로드킬-> 아산병원에서 주문진 방향 에쓰오일 도로변 인도쪽 로드킬 신고,불명
788,2023-02-06 09:48,남강릉아이시 나와서 고라니 사체 박월동 수영장 가기전이라고함,고라니
789,2023-02-08 14:22,읍면동 >> 읍면동 >> 동물사체(로드킬) 우리주유소 코너쪽에 고양이 로드킬( 나래자동차매매상사),고양이
790,2023-02-08 15:32,로드킬 -> 사근진해변 바다마트 바로 앞 고양이 로드킬 ,고양이
791,2023-02-09 09:37,강변로 534번안길 21세기 기업 바로 뒤 담벼락 쪽 고양이 로드킬 신고 ,고양이
792,2023-02-14 15:37,"[로드킬]낭항진들어가는 입구 도로 중간쯤 세인트? 진입하는 다리 쪽, 강아지 사체",강아지
793,2023-02-17 15:17,고양이사체 신고.연곡면 영진길87 건물뒷편 골목길에 있음.,고양이
794,2023-02-17 17:07,[로드킬] 구정학산 오독떼기 전시관 살짝지나서~ 테라로사 방향 흰강아지 사체있음,강아지
795,2023-02-20 15:04,치대앞에 주차장이 있음 주차장 뒤에 컨테이너박스가 두개가 있음. 고양이 사체가 있음. ,고양이
796,2023-02-21 16:47,고라니 다쳐 있다고 문의 -> 머구리횟집 안목사거리 (피터콤마루 주차장),고라니
797,2023-02-22 12:12,"안현동 입구쪽, 만고개가든  앞에 고양이사체있음",고양이
798,2023-02-23 08:53,"과학단지-> 주문진 넘어가는 다리 . 즈므고가 지나서 과학단지 해양바이오 1 그 근처 고라니 사체 있음. 주문진 방향에서 즈므 들어가는 해양바이오 과학단지 위치,",고라니
799,2023-02-24 16:56,로드킬 신고 -> 박월동 마을 회관 바로 앞 고라니로드킬,고라니
800,2023-02-27 15:03,"동물을 쳤음, 위치 - 송정해변 신도브래뉴 아파트 부근,  그 앞 리조트인가 콘도 1층 뉴욕야시장, 세븐일레븐 앞 도로 송정~안목해변 / 고라니",고라니
801,2023-02-28 09:27,도로 사체 회산로 339번길 도로 한신더휴 가는 큰도로 고양이,고양이
802,2023-02-28 09:52,도로 고양이사체 회산로 339번길 도로 한신더휴 가는 큰도로 ,고양이
803,2023-03-02 08:34,고양이 사체 신고.제비리로 올라가는 삼거리에서 영동전문대학교 가기전에 고양이 사체 있음.,고양이
804,2023-03-03 14:16,입암동 더샵아파트 후문(중앙당구장 앞에) 비둘기 떨어져 죽어있음.,비둘기
805,2023-03-06 12:41,"로드킬 사체, 고양이나 강아지. 위치 경포~ 과학단지 쪽 가는 길, 중국집이 있는 곳",고양이
806,2023-03-09 10:03,110번 로드킬신고: 고라니 사체 있음. 위치: 영동대학교에서~ 홍제동으로 내려가는길 ,고라니
807,2023-03-10 17:28,7번국도-주문진에서 양양가는길 주문진읍사무서 가기전 고양이 사체,고양이
808,2023-03-14 12:25,버드나무브루어리(경강로1961) 앞 강릉ic 방향 도로 2차로에 고양이사체 ,고양이
809,2023-03-14 13:06,[로드킬] 주소: 시내에서~홍제동사무소 가는길 고양이 사체있음,고양이
810,2023-03-14 13:12,강릉의료원 근처 고양이 사체 ,고양이
811,2023-03-14 17:37,[로드킬]영동전문대 2차선 도로 알뜰주유소 위에 도로 시내방향),불명
812,2023-03-16 17:04,"고양이사체, 교동택지3주공부근 센스안경점 앞이라고 함.",고양이
813,2023-03-20 10:05,관동대 24-1 앞에 공원이 있는데 케이트볼 근처 고양이 사체,고양이
814,2023-03-20 12:04,초당 강릉불고기 갤러스 밥스 사이 도로 대로변 고라니 로드킬 신고 전화를 주심 ,고라니
815,2023-03-21 13:41,로드킬 신고 -> 포남동우체국 길건너편 세차장 인도 쪽에 고양이 로드킬 ,고양이
816,2023-03-22 09:37,동물 사체 - 어흘리 141번지 뒷변에 고라니인지 뭔지는 모르겠지만 꼬리를 자르고 또랑에 버려놔서 냄새가 심하닥 빨리 치워달라요청하심,고라니 추정
817,2023-03-23 17:26,동물사체 신고형제막국수~현대오일뱅크 사이구간에 있음.,불명
818,2023-03-23 17:44,강릉교도소옆 사임당들어가는 초입 고라니 사체,고라니
819,2023-03-23 18:23,"월화거리 옆, 시장길가 고양이 사체  ( 성광식육점 앞) ",고양이
820,2023-03-27 09:43,로드킬 -> 강릉원주대 풍천장어 운동장 들어가는 인도 나무쪽 고양이 로드킬 신고 ,고양이
821,2023-03-27 11:45,"야생동물 -빌라거주, 빌라앞에 공작같이 크고 하얀새가 못 나가고 있음. 건물안을 돌아다니고 있음",새 (공작 추정)
822,2023-03-31 09:01,"강여고 맞은편 KT&G, 인도에 고양이가 있다고 연락주심",고양이 
823,2023-04-04 13:21,사임당로 경포방향으로 가다가 리더클럽 골프장 근처,불명
824,2023-04-07 10:04,양양~주문진방향으로 주문진읍사무소 약간 못미처 고라니사체 있음.,고라니
825,2023-04-10 08:45,고양이로드킬 신고.7번국도  연곡버스승강장(강릉으로 나오는 방향)조금 지나서 2차선 도로에 고양이 사체 있음.,고양이
826,2023-04-10 14:05,로드킬 ->왕산면 목계리 백두대간로 1470 에서 임계방향으로 50미터 정도 올라가다보면 수로에 빠져 있다고 함(강아지 로드킬),강아지
827,2023-04-11 08:50,로드킬 ->포남동 이마트 바로 앞 도로변 고양이 로드킬,고양이
828,2023-04-11 09:09,[로드킬]이마트~송정롯데칠성 도로앞 고양이 사체,고양이
829,2023-04-11 15:29,연곡부영 2단지 204동 지하에 고라니 구조 요청 ,고라니
830,2023-04-12 08:45,사천공공하수처리장  앞에 고양이 사체 있음.,고양이
831,2023-04-12 08:50,라꼬시나 앞(난설헌로228-13). 고양이사체,고양이
832,2023-04-17 13:36,"시내 쪽~ 성산으로 들어가는 방면, 영동전문대학교 가기 전 중앙분리대 쪽에 고양이같은 사체가 있음",고양이
833,2023-04-17 14:18,"도로 동물 사체  , 시내-> 고속도로 올라가는 4차선 도로  ( 시청으로 갈라지는 로터리에서  강릉IC방향으로 올라가다가 사임당로 갈라지는 부근  중앙선, 고양이 사체",고양이
834,2023-04-17 17:41,"[로드킬]사임당로에서 아이씨 뱡향, 유천교지나서 이차선과 자전거도로 사이 야생 동물사체",불명
835,2023-04-18 17:31,"7번국도에 고라니 사체   (남강릉IC나와서 7번국도 타고 정동진 나가는 입구쪽, ) ",고라니
836,2023-04-20 08:48,노루사체 신고.구정 삼교리막국수 가기전 인도에 있음.,노루
837,2023-04-20 08:56,"고양이사체, 박월길 124-1 ",고양이
838,2023-04-20 09:03,박월길 124-1 들고양이가 도롯가 집 근처 로드킬.. 맞은편에 톡구 라는 카페,고양이
839,2023-04-21 10:48,[로트킬]정원로 8 가로등 고양이 사체 ,고양이
840,2023-04-25 13:44,"동해~강릉방향, 한라시멘트 항만공장입구~강릉방향, 옥계역교차로 감나무식당 지나고 주수교차로 지나 다리위에 노루사체 있다고함",노루
841,2023-04-26 10:05,강릉에서 화력발전소 가는 방향 / 화력 발전소 거의 다 와서 고양이 로드킬 ,공ㅇ이
842,2023-04-26 15:24,강릉에서 화력발전소 바로 앞 버스 승강장 바로 고양이 로드킬 신고 전화 주심 ,고양이
843,2023-04-27 10:12,7번 국도 강릉-> 옥계가는 방향. 동해 2터널 지나서 도롯가에 고라니 사체,고라니
844,2023-05-02 09:03,큰개가 죽어있음. 금호어울림 새로난 도로 ( 농수산물로 가는 새로운길쪽에 로터리 두번째가기전 현대 주유소 맞은편 인도가까이쪽에 있음. ),큰 개
845,2023-05-02 09:08,국토관리사무소 인입 / 안인에서 강릉 방면으로 가다  유선교에서 밑으로 내려가는 길이 있는데 농협 주유소 사이 길에 동물 사체 신고  ,불명
846,2023-05-02 16:29,강릉시 주문진읍 시장길 35-2 고양이 사체,고양이
847,2023-05-03 08:56,로드킬 -> 남항진 솔바람다리 앞쪽 gs 편의점 앞 도로변 고라니 로드킬 신고,고라니
848,2023-05-03 09:50,국민콜-주문진읍 고양이사체  중앙시장 구인당식당,고양이
849,2023-05-03 10:40,"로드킬(너구리,야생) - 주문진 강릉나가는방향 아산병원 네거리 신호등 조금전에 있다함",너구리
850,2023-05-03 18:08,[로드킬] 7번국도- 법원~강릉원주대 방향 원주대 못미처 중앙분리대  고양이 사체,고양이
851,2023-05-04 13:14,"110, 로드킬 고양이 - 입암동 성덕초앞에 입암지하차도 아래쪽에 있음. ",고양이
852,2023-05-04 16:20,"두루미 구조요청 , 주문진 신리천에 새가 움직이지 못하고 있음. 큰다리밑 모래있는곳 초대그리스교회앞,",두루미
853,2023-05-09 09:21,국도관리사무소 : 로드킬 -> 주문진~강릉 방향 즈므고가 조금 지나서 삼거리 신호등 가기전 ,불명
854,2023-05-10 09:05,동물사체 로드킬 신고사천방향으로 청솔공원 들어가는 잆구 3거리쯤.,불명
855,2023-05-11 09:00,제비처럼 보이는 새가 죽어있음. 강릉7차 아파트 놀이터,새 (제비 추정)
856,2023-05-15 15:54,고라니사체 신고.초당동349-1번지(소나무숲 중간지점에 있음.),고라니
857,2023-05-18 13:09,고양이 로드킬 강릉초등학교 앞 토성로 110 ,고양이
858,2023-05-18 16:36,법원에서 오죽헌방향으로 오죽헌앞 큰도로에 고양이사체 있음.,고양이
859,2023-05-22 12:43,로드킬 신고  - 주문진 1농공단지  금영식품회사 앞에 고양이 사체,고양이
860,2023-05-22 13:50,국민콜 110 인입/ 동물사체 건비둘기처럼 보이는 동물 사체 / 유니클로 바로 앞 ,비둘기
861,2023-05-23 09:44,"강릉~과학단지방향, 굴다리 지나기전 고양이사체",고양이
862,2023-05-24 09:30,북부 지구대 - 고라니 / 신왕초등하교 수금강 방면 2키로 ,고라니
863,2023-05-24 09:56,"고라니 로드킬, 위치 : 7번국도 위 자이아파트 ~정동진방향 직진인데 모산쪽으로 우회전해서 빠지기전에 도로위에 있음",고라니 
864,2023-05-24 12:01,왕산면 왕산로 2157-7 오는 길 댐에서 올라 오시다 보면 전원주택 짓는 단지 라인으로 타이거맥주 앞,불명
865,2023-05-24 12:33,"너구리구조요청, 판교이설당2길 67",너구리
866,2023-05-25 08:32,"남항진입구, 정류장명-반쟁이,(최영장군사가 입구)-고양이사체성덕로186(바다를사랑한 용감한고양이네) 건너편",고양이
867,2023-05-26 09:03,동물 유기동물 - 길고양이 강릉원주대 기숙사쪽 솔향관 밑에 씨유앞쪽 고양이 사체  ,고양이
868,2023-05-26 16:40,"고라니 사체, 시내에서 남강릉ic 방면 7번국도 위 (문모텔,칠성로287 근처)",고라니
869,2023-05-30 08:46,"7번국도 위, 강릉시청에서 7번국도 합류하자마자 바로 앞에있음. 고양이 시체",고양이
870,2023-05-30 08:51,"시청에서 동해방향 7번국도 합류되는 지점부근, 고양이사체",고양이
871,2023-05-30 11:51,"로드킬 -> 강릉에서 주문진 방향 구라미 온천 조금 지나서 현대오일뱅크, 현대오일뱅크 지나서 로드킬 총2건 위치 말씀해주심 ",불명
872,2023-05-31 17:12,이마트 앞 광덕식당 바로 앞에 장미꽃화단이 있는 곳에 고양이가 죽어있음 로드킬 당한 고양이 사체,고양이
873,2023-06-01 10:48,"사임당로 경포방향, 리더스클럽 지나서 고라니 사체 있다고 연락주심",고라니
874,2023-06-01 17:25,"사체 - 고양이 , 왕산에서 임계가는 쪽으로 샘터휴게실 , 임계방향으로 있음",고양이
875,2023-06-02 08:52,"과학단지~경포방향, 경포스테이195펜션 앞, 고양이사체",고양이
876,2023-06-07 09:02,뒷마당 길고양이 로드킬 홍제로 12번길 5-8,고양이
877,2023-06-07 09:49,"고라니사체, 정동진 우성레미콘에서 7번국도 방향=> 우회전 후 오르막차선에 있다고 하심.",고라니
878,2023-06-07 12:11,국민콜 110 /도로에 고라니 있음 남산한라 아파트 뒤쪽 삼익타워맨션 옆에 사거리,고라니
879,2023-06-09 08:45,"홍제회전교차로~강릉의료원 나가는방향 , 고양이인지 개인지 사체있다고 하심.",고양이 or 강아지
880,2023-06-09 10:02,로드킬 / 고양시/ 테라로사 본점 가는 길에 개성만두 조금 지나서 있음,고양이
881,2023-06-12 12:56,강남동주민센터 건너편 도로에 다친고라니가 쓰러져있다고 하심.,고라니
882,2023-06-12 14:58,고양이 사체 - 옥계면 도직길  4-23하얀천에 싸놨음. 누가 약을 먹인거같음. 침을 흘리면서 대변을 보면서  죽었음,고양이
883,2023-06-13 08:51,"강릉시청 앞에서 좌회전해서 7번국도 타는 길, 새끼고양이 사체",고양이
884,2023-06-14 12:08,[로드킬]남항진 바닷가 쪽 안을  들어가다보면 (해변입구쪽) 도로  고양이 사체,고양이
885,2023-06-14 12:49,고양이 사체 - 하평4길 30 1층 네일103 앞 박스안에 넣어두심,고양이
886,2023-06-14 14:14,고양이 사체 - 성남동 수협종합판매점 맞은편 약속다방 앞. ,고양이
887,2023-06-15 08:59,유기견 신고 -> 5일동안  남산초등학교 석미모닝아파트 1차 101동 산쪽에 강아지가 있다고 전화를 주심 ,강아지
888,2023-06-15 09:04,로드킬/ 새끼 고양이 양주로 77번길 14 ,고양이
889,2023-06-15 13:29,로드킬 강남축구공원 가는 길에 주민센터 방향 어린이보호구역 2차선,불명
890,2023-06-15 17:15,"공항대교 다리위, 남항진~안목방향 1차선, 고양이사체",고양이
891,2023-06-16 13:34,강릉 이마트~ 뚝방쪽으로 가는 도로변 고양이 로드킬 ,고양이
892,2023-06-19 09:04,로드킬/ 고양이 / 강릉경찰서 사거리 르노코리아 포남점 입구,고양이
893,2023-06-19 09:24,고양이 사체 / 교동 광장로 163 부영5차 로아스빌 정문쪽 도로 신고자 연락처,고양이
894,2023-06-19 09:35,"고양이사체, 부영5차 201동앞 도로변, ",고양이
895,2023-06-19 09:50,새 두마리 로드킬 당함. 6.25남친 사탑 올라가는 길에 있음. 다우리 모텔에서 올라가는쪽  ,새
896,2023-06-19 17:38,버스정류장옆에 배수로 사체가 있음.  왕산 도마리  둔지마을 버스정류장  ( 강릉 방향)  고라니 ,고라니
897,2023-06-20 09:32,국민콜- 고양이 사체(강릉단오제)경찰서앞에 횡단보도,고양이
898,2023-06-20 10:04,"고양이사체, 자활센터 맞으편 강릉초교 넘어가는길 언덕꼭대기 부근 전봇대쯤 사체가 있다고 함.이안아파트 현수막아래라고 함.",고양이
899,2023-06-20 15:13,옥천동 타이어뱅크  회전교차로 고양이 로드킬,고양이
900,2023-06-20 15:36,"고양이사체, 임당사거리 회전교차로 내 있다고 하심.",고양이
901,2023-06-21 09:56,월화거리에 고양이 사체/ 금산인삼대리점 앞에 원에 보면 고양이 ,고양이
902,2023-06-21 14:18,[로드킬] 고양이 사체-월화거리 금산인삼대리점 앞,고양이
903,2023-06-26 08:45,"강아지사체 - 구정초등학교 테라로사 가는 방향, 오독떼기전수관 가기 200미터 전",강아지
904,2023-06-26 13:02,고양이-교동 제고 사거리 부흥마켓 앞 고양이 사채,고양이
905,2023-06-26 13:09,도로 임영로 부흥슈퍼 - 고양이사체,고양이
906,2023-06-27 16:04,도로변/ 고라니 사체 / 옥계면 한라시멘트 항만공장 정문 앞,고라니
907,2023-06-28 11:03,길거리에서 고양이 사체 /적십자 사거리에서 영동초교 올라 가는 길 GS마트랑 태양마트 중간 도로변 ,고양이
908,2023-06-28 11:19,[로드킬]영동초등학교 올라가는 길 GS앞 새끼고양이 ,고양이
909,2023-06-30 08:47,"강릉대로419번길 62-7 , 도로입구에 고양이사체",고양이
910,2023-07-03 12:37,"강릉원주대 정문앞 도로에서 주문진방향, 7번국도 아님. 고양이사체 ",고양이
911,2023-07-03 12:57,"연주로 467, 조롱박식당 앞부근 양양방향     , 고양이사체",고양이
912,2023-07-03 15:44,"고양이사체,남양양IC",고양이
913,2023-07-04 10:31,고양이 로드킬신고주문진에서 강릉방향으로 사천내려가기전 지점.,고양이
914,2023-07-04 12:09,입암 이안아파트 뒤에 새로난 길 고양이사체 ,고양이
915,2023-07-04 13:20,새가 치어서 밟히고 있음. 사체 처리솔올중학교 정문건너편 도로디핑에서 솔올중학교 오는 방향쪽으로 있음.  ,새
916,2023-07-04 13:35,길에 고양이가 피를 흘리면서 누워있다고함///홍제로 46번길 심상인국악원앞 ,고양이
917,2023-07-04 14:18,죽은 비들기사체 처리요청.교동광장로 73 셀세모세차장.,비둘기
918,2023-07-04 16:43,"새가 날라와서 다쳐서 있음. 위치: 경강로 2098번지, 약손치과건물 2층 간판부분",새
919,2023-07-05 18:11,죽헌동 영동스텐 앞 도로에 고양이 로드킬,고양이
920,2023-07-06 09:03,임곡 자원순환센터 매립장 안에 포크레인 작업중인데 배수로에 새끼 고라니 2마리가 있음 그중 한마리는 죽어있음 조치 관련,고라니
921,2023-07-06 09:03,"인도에 고양이 사체  , 강릉대로  359  오피스넥스 건물 앞 인도 (가로수  화단사이)",고양이
922,2023-07-07 09:18,로드킬 / 도로/ 강릉고 사거리에서 오월애 초당으로 가는 길 끝부분 고양이 사체 ,고양이
923,2023-07-10 10:04,회산로58-3 ,고라니
924,2023-07-10 12:51,[로드킬]강릉의료원 앞에 시내방향 도로에 고양이 사체 ,고양이
925,2023-07-11 09:08,시내 / 경강로 2087 2층 데크 ,불명
926,2023-07-11 09:31,[로드킬] [로드킬}유산동 GS칼텍스 우리주유소 입구 고라니사체 ,고라니
927,2023-07-11 16:58,가게 / 도로변 야생시체 입암로 92번길 1 푸른마켓 앞 도로 ,불명
928,2023-07-12 09:31,넘버25 강릉경포점 호텔앞쪽 도로에 고양이/,고양이
929,2023-07-12 13:52,고양이 사체 율곡초 근처에 뚜레쥬르 가는 쪽 도로 끝  ,고양이
930,2023-07-12 14:48,"홍제동 푸르지오 103동, 나인헤어샵 앞/ 참새사체",참새
931,2023-07-12 15:00,경포고등학교 올라가는길쪽에  세븐일레븐 바로앞. 새끼고양이사체있음,고양이
932,2023-07-12 15:22,홍제교차로에서 강릉ic방향 주유소 가기 전 중앙분리대 로드킬 신고,불명
933,2023-07-12 17:16,내곡한라 후문쪽에 디스카운트 마트 앞에 고양이 사체 잇음.,고양이
934,2023-07-13 08:54,"어제 국토관리부에 로드킬 신고했었음. 시청쪽이라고 연결해준다고햇는데 안치워짐주문진-> 강릉 가는 방향 , 즈므고가도로 중간쯤에 노란 고양이 새끼. 오른쪽으로 잇음",고양이
935,2023-07-13 08:56,동인병원 로드킬 신고 문의,불명
936,2023-07-13 11:51,고양이사체 로드킬신고.강릉치대 들어가는 도로입구쪽(솔올사거리~회전교차료 나가는 방향),고양이
937,2023-07-13 12:07,길고양이사체 - 내곡동 범일로 주유소 건너편 ,고양이
938,2023-07-13 13:37,고라니새끼가 다쳐서 못 움직임 / 주문진에서 북강릉 IC 진입로 북강릉 ic 진입로 옆 버스정류장 사이 풀숲으로 들어감 많이 다쳐있는데 움직일 수 있는지 이동함,고라니
939,2023-07-14 17:29,새끼 새 떨어져서 날지못해서 박스에 넣어둠 교동택지 목구멍 앞  ,새 
940,2023-07-17 13:48,국민고 110 / 로드킬 고양시 사체 모전교차로,고양이
941,2023-07-18 10:11,7번국도 북강릉아이시쪽으로 얼마못가서 검은색새끼고양이 ,고양이
942,2023-07-18 16:40,"고양이 로드킬 사체 - 위치 : 강릉초등학교 부근 새마을금고 있고, 새마을금고에서 서부시장 방향으로 조금만 더 내려오면 복권방이 있음. 복권방 앞 쪽.",고양이
943,2023-07-19 09:22,길에 고양이 사체 / 화부산로 8번길 31 앞에 도로 ,고양이
944,2023-07-19 13:22,선교장~경포해변. 고양이사체,고양이
945,2023-07-19 17:37,[로드킬] 내곡동 주민센터에서 기산아파트 가는 4차선 큰 도로에 고양이사체,고양이
946,2023-07-20 10:04,"신고- 임영로179번길 서부시장뒤쪽 공영주차장, 길가에 길고양이가 죽어있음. ",고양이
947,2023-07-20 11:32,야생로드킬//터미널에서 교동택지 4차선 도로에 우편집중 ,불명
948,2023-07-20 11:35,길고양이 사체 우편집중국에서 택지 쪽으로 가면 버스정류장 ,고양이
949,2023-07-20 11:45,교동로드킬-택지(우편집중국),불명
950,2023-07-20 12:55,넘버25호 호텔 앞 도로쪽에 로드킬 당해서 죽어있음,불명
951,2023-07-20 12:59,더호텔비지니스입구 옆 철조망안에 강아지사체,강아지
952,2023-07-21 08:34,내곡동 관대가는길 현대오일뱅크앞에 새끼고양이 사체 있음. ,고양이
953,2023-07-21 09:13,고양이 로드킬 : 안인화력발전소 ~ 모전삼거리 사이,고양이
954,2023-07-21 09:55,고양이 사체 신고 위치: 안인화력 발전소에서 강동초등학교 삼거리  ,고양이
955,2023-07-24 10:11,"7번 국도 고라니 사체 - 7번국도에서 정동진으로 나가다보면 남강릉ic 말고, 직진하다 보면성산조경 표지판이 있고, 교통량 조사하는 커다란 타워가 설치되어 있음 그 부근에 있음",고라니
956,2023-07-24 13:15,"[로드킬]아산병원 강릉약국 승강장 옆 인도, 새끼 고양이 사체.",고양이
957,2023-07-24 16:11,"사천병원 강릉약국앞, 버스정류장 좌측 고양이 사체 있음.",고양이
958,2023-07-24 16:47,"길고양이 사체처리 , 임영사거리 강릉역가능방향 토담한의원앞 ",고양이
959,2023-07-24 16:58,위치: 송정동 제방로 이마트 시내 방향 민락아파트 앞쪽연락처,불명
960,2023-07-25 14:52,위치: 회산동 이놈의 커피 입구 / 고양이사체 ,고양이
961,2023-07-26 11:15,고라니 사체 :가곡막국수 100미터 정도 지나서 ,고라니
962,2023-07-26 11:47,내곡교  다리 의료원 방면 다리 고양이 사체,고양이
963,2023-07-27 08:32,사천 모래네행복센터에서 운양초등학교 가는 방향 로드킬(고양이),고양이
964,2023-07-27 10:29,로드킬 고양이 사체 위치: 주문진에서 강릉 나가는 방향 / 북강릉에서 올라오는 길 ,고양이
965,2023-07-28 11:07,도로에 고양이 사체 지변길 2번지 건물 바로앞에 진주식당,고양이
966,2023-07-28 11:23,고양이 사체 국민주택으로 들어가다 영진 해안가 좌측 ,고양이
967,2023-07-28 13:07,"(삼산리1453-52)부연동마을 입구, 고라니가 경련을 하며 쓰러져있다고 하심.전화주신 민원인이 이동해야해서 도로변 철조망에 쇼핑백을 걸어두겠다고 하심.",고라니
968,2023-07-31 08:54,노암동에서 중앙고등학교 지하터널 오기 직전 고양이 로드킬,고양이
969,2023-08-01 09:35,"아기고라니 시체, 사천중학교 지나서~중앙서로길로 들어가는 도로 한가운데 있음",고라니
970,2023-08-03 09:24,고양이로드신고.대관령한증막 가기전 바로전 1차선도로에있음(대관령방향),고양이
971,2023-08-03 13:29,고양이로드킬 신고.경포오거리 입구에서 경포벚꽃길 방향으로 오른쪽편에 매화꽃농원 지나자마자 도로에 있음.,고양이
972,2023-08-03 18:03,"노암동 동물사체 로드킬, 위치 : 남산공원 앞쪽 단오제 할 때 그네타는 곳 비둘기 사체",비둘기
973,2023-08-04 10:38,[로드킬] 주문진~강릉 방향 경포 한국주방 가기전  경포로 들어가는 입구 (파크랜드) 고양,고양이
974,2023-08-04 17:25,[로드킬]유천동 투썸플레이스 앞 인도에 죽은 새,새
975,2023-08-07 09:25,고양이사체 처리.위촌리교회 앞 (현재는 운영하지는 않으나  칡꽃향기 가게앞),고양이
976,2023-08-07 13:49,내곡동 범일로 597농협뒤쪽 도로 ,불명
977,2023-08-07 16:08,내곡동 관동대 회전교차료안에 고양이 사체 ,고양이
978,2023-08-08 08:59,고라니 사체 왕산터널에서 임계방향으로 좌회전 새제마을 정유장 ,고라니
979,2023-08-08 09:14,로드킬 -> 왕산초등학교 가기전 고라니 로드킬 ,고라니
980,2023-08-08 10:29,로드킬 포남동~입암동 넘어가는 공단다리 고양이,고양이
981,2023-08-08 10:54,로드킬 -> 공단 다리 입암동 방향 2차선 고양이 로드킬 ,고양이
982,2023-08-09 09:22,로드킬 고라니  강릉원주치대병원 인근,고라니
983,2023-08-09 09:45,동해대로 고양이 사체 / 북강릉 IC에서 사천과학단지 오는 길 고가 위에  ,고양이
984,2023-08-09 16:41,포남우체국 앞 고양이 사체 처리요청,고양이
985,2023-08-11 09:15,고양이로드킬 신고.하늘채아파트공사현장 정문앞쪽 도로에 고양이 사체있음(이편안한세상 아파트~MBC방향),고양이
986,2023-08-11 15:35,"[로드킬] 유천택지~위촌리 쪽 더테라스 아파트 초입 부근 , 고양이 사체",고양이
987,2023-08-14 15:17,고양이로드킬 신고.허균허난설헌 생가터 주차장 입구 도로 중간쯤.,고양이
988,2023-08-14 16:38,주문진 삼우그린아파트 옆에 아파트공사 그사이에 고양이가 있다고함,고양이
989,2023-08-16 09:49,"[국민콜] 로드킬; 고라니 사체, 연곡면 진고개로 1072 ,산골이야기 펜션에서 1킬로 전  도로변",고라니
990,2023-08-16 10:08,로드킬 인도 / 강릉시 남부로 노래곡막국수 앞 인도 개사체 ,개
991,2023-08-17 12:02,고양이로드킬신고.원대로8번길38 대문앞에있음.,고양이
992,2023-08-18 14:13,"고라니사체, 월호평길 117(군부대 내부)",고라니
993,2023-08-24 09:59,[로드킬]고양이사체-송정길 5-9 라온빌 7동 빌라 내 도로,고양이
994,2023-08-25 15:52,고양이 사체 - 명주로 77번길 16  근처 골목 한 가운데 있음. ,고양이
995,2023-08-30 14:04,"입암동 공단, 강원여객정비공장 입구, 고양이 ",고양이
996,2023-08-31 08:29,로드킬 동물사체 - 남강릉ic에서 학산마을에서 학산교차로 사이 고양이 로드킬,고양이
997,2023-08-31 09:10,"고라니사체 , 모산초교 근처",고라니
998,2023-08-31 11:57,로드킬 - (강릉ic방면) 강릉교도소 쯤 위치한 고속도로 길 고양이,고양이
999,2023-08-31 12:24,[로드킬) 하시동 공군부대 가는 신석교차로 삼거리  신속교 다리(오른쪽에 농산물시장가는 족) 1차선에 고양이사체,고양이
1000,2023-08-31 17:27,로드킬 / 관대 앞에 올라 가면 신화건설 앞 도로 중앙 고양이 사체 ,고양이
1001,2023-09-01 08:45,"고양이사체, 종합운동장~ mbc방향",고양이
1002,2023-09-04 12:31,"고양이사체, 회산교 건너서 우회전하면 있다고 하심. ",고양이
1003,2023-09-04 17:52,주문진 명주새마을금고 앞 고양이 로드킬 ,고양이
1004,2023-09-05 08:53,원주지방국도관리청 ->강원도립대학교 ~ 강북공설운동장 가는 방향 1차선 도로변에 고라니 로드킬 신고 ,고라니
1005,2023-09-11 08:34,"고양이, 쌍둥이 회전교차로  지난후 우회전 강남동방향 도로에 있다고 함.",고양이
1006,2023-09-11 08:50,"남부지구대~ 공단방향, 신협가기전 고양이사체",고양이
1007,2023-09-11 15:53,"고양이 로드킬 -> 강릉시 주문진읍 해안로 1804, 고양이 로드킬",고양이
1008,2023-09-11 18:16,수리골추어탕 맞은편길에 고라니사체 처리.,고라니
1009,2023-09-14 09:22,"아산병원-> 강릉 오는길에 교량 , 교량 중앙분리대쪽에 개 사체있음 . ",개
1010,2023-09-14 09:28,강원도청 콜센터 -강아지 로드킬 신고.주문진에서 강릉방향의 7번국도. 스카이베이호텔이 호텔(과학산업단지 빠지는) 가는 방향의 지하차도 100m전 지점에 강아지사체있음.,강아지
1011,2023-09-14 10:08,"7번국도, 주문진=>강릉방향  즈므고가 넘어서 한밭교차로 과속카메라 전에 우측도로에 강아지 사체",강아지
1012,2023-09-14 11:07,노암동 삼익아파트에서 관동대 쪽으로 가다 보면 있는 육교 인근에  고양이 사체  ,고양이
1013,2023-09-14 12:33,농민-남항진 농사를 짖고 있는데 고라니가 빠져 죽었다고함//센인트컨벤션 하천이 내려가는데 건너편 밭이라고함.,고라니
1014,2023-09-14 17:48,난설헌로 강릉중앙감리 못미쳐서 교차로방향 고양이 사체 ,고양이
1015,2023-09-15 12:23,"고양이사체, 범일로555번길 62 앞도로",고양이
1016,2023-09-15 17:48,"[로드킬] 동남아파트 옆 뚝방길 지나가다가 보면 있음, 개인지 고양이 사체",고양이
1017,2023-09-18 08:52,구정프라자 약국에서 회산동 넘어가는 앞 도로(정미소)바로 앞 고양이 로드킬->약국에서 회산동 넘어가는 방향 우회전 하면 바로 있다고 함,고양이
1018,2023-09-18 09:01,로드킬 -> 주문진 해안주차타워 바로 앞 고양이 로드킬 도로한 가운데 박스에 넣어 놨다고 함,고양이
1019,2023-09-18 10:38,연곡면 연곡반점 앞 고양이 로드킬 신고,고양이
1020,2023-09-19 12:58,로드킬 7번국도 법원으로 빠지는길 고양이사체,고양이
1021,2023-09-19 14:30,동물사체 -  강릉우편집중국 들어가는 앞에 간판 화단쪽 중간에 잇음고라니,고라니
1022,2023-09-20 11:35,태평양 아파트/ 주차장에 길고양이 사체 있음,고양이
1023,2023-09-20 12:05,강릉시 율곡로 2944 / 고양이 사체 새마을금고 ,고양이
1024,2023-09-21 09:44,"도로 강아지 사체  - 주문진, 우회도로  ( 환동해본부 지나서 읍사무소 들어가는도로 ,)  ",강아지
1025,2023-09-21 11:58,고양이로드킬신고. 병산동 예향막국수 지나서(안전교육장 못간지점) 2차선도로위에 있음,고양이
1026,2023-09-21 15:26,"비둘기 구조요청,화부산로 21-3",비둘기
1027,2023-09-22 08:47,"7번국도 농산물시장 지나 남강릉주유소지나,  옥계방향 500m 지점, 너구리같다고 하심.",너구리 추정
1028,2023-09-25 09:10,"노브랜드 교동점., 경포방향/고양이 사체",고양이
1029,2023-10-04 09:07,"고양이사체, 위촌길11",고양이
1030,2023-10-04 09:09,고양이종류같음. 위촌길30 ( 더테라스 아리스타 올라가기전에 잇음 ) ,고양이
1031,2023-10-04 09:13,고양이 사체 위촌길 11,고양이
1032,2023-10-04 10:00,"고라니사체-경포오거리에서 보헤미안 커피 가는 쪽  ( 세븐 일레븐 주소  성덕고양길  67, 도착하기 2~30미터 전 밭쪽)전화통화안됨. 길가에 보임. ",고라니
1033,2023-10-04 12:04,고양이사체 신고.위치 -노암동 강남당구장(임영로26번길3) 앞 나무밑에 있음.,고양이
1034,2023-10-04 13:47,주문진 삼덕분교장 바로 앞 도로 강아지로드킬,강아지
1035,2023-10-04 17:15,홍제동 임영로 163번길 강릉시민축구단 합숙소 (고양이 사체),고양이
1036,2023-10-06 08:39,로드킬 -> 청량동 556-5 번지 바로 앞 도로변 고양이 로드킬,고양이
1037,2023-10-10 12:28,로드킬 -> 강릉대로 479번길 도로변 고양이 로드킬 ,고양이
1038,2023-10-10 18:15,경포해변  예전나이트클럽 앞쪽 도로변에 고양이사체신고.,고양이
1039,2023-10-11 14:17,"고라니사체,7번국도 시청~ 원주대방향 가는도중 속도위반 단속카메라 부근. ",고라니
1040,2023-10-11 14:25,로드킬 제보 - 7번국도 강릉원주대 가는길,불명
1041,2023-10-11 14:31,고양이사체 사임당로 유천 동해기정떡 이면 사천방향으로 우회전 굴다리지나고 하나 더 지나다보면 있다고함,고양이
1042,2023-10-11 15:59,안인 화력발전소 정문 앞 도로변 고양이 로드킬,고양이
1043,2023-10-12 08:55,로드킬 -> 박월동 수영장 조금 지나 고양이 로드킬 ,고양이
1044,2023-10-13 08:49,7번국도 시청에서 강릉치대 방향 고양이 로드킬,고양이
1045,2023-10-13 11:05,관솔길 34-19 원룸 건물 옆 고양이인지 강아지 사체가 있음,강아지
1046,2023-10-18 08:31,로드킬 -> 소금강 들어가는 입구 초록민박 다리 건너기 전 고라니 로드킬 ,고라니
1047,2023-10-18 08:34,로드킬 동물사체 -> 로드킬 동물사체 - 남강릉ic에서 학산마을 들어가기 전 중앙분리대 고양이 로드킬 ,고양이
1048,2023-10-18 09:00,로드킬 - 내곡동 하나로마트에서 관동대방향으로 조금만 가다보면 좌측편으로 국밥집이 있는데 바로 앞 도로변.고양이 사체 ,고양이
1049,2023-10-18 09:16,"[로드킬]박월동수영장에서 약 150m 올라가면 왼쪽에 너구리?사체// 박월동~남강릉IC, 100m전 동물사체 등 2건",너구리
1050,2023-10-18 09:26,유천지구 회전교차로에서 과학단지 가는방향  ,불명
1051,2023-10-18 14:13,[로드킬] 유천동~경포동 가는 길  회전교차로 조금 지나서  큰 개 사체 있음,큰 개 
1052,2023-10-18 17:02,고양이인지 강아지인지 정확이 모름 도로에 동물사체  에스오리 남강릉 셀프 주유소(운산동160-1) ,고양이 or 강아지
1053,2023-10-19 10:33,고양이 로드킬 / 즈므고가다리 건너기 전에 / 강릉에서 주문진 방향 즈므고가도로 진입하기 전 ,고양이
1054,2023-10-19 11:18,"[로드킬]고양이가 차에 치임 움직임이없음 -하나님의 교회, 관동석제 앞 ",고양이
1055,2023-10-23 08:39,왕산농협 지나서 500미터 가면 갓길에 너구리인지 오소리인지 안내,너구리 or 오소리
1056,2023-10-23 13:16,"[로드킬] 주문진 강북운동장 앞 도로 , 고양이 사체",고양이
1057,2023-10-24 08:40,7번 국도 안인삼거리 ~ 강릉방향 항시교 다리 가기전 고라니 로드킬,고라니
1058,2023-10-24 09:43,"왕산농협~임계 방향 쪽 200미터,고라니 로드킬",고라니
1059,2023-10-25 08:27,성산에서 시내 방향 4차선 금산할머니 추어탕 있는 지점 (갈색 고라니 아니면 강아지라고 함),고라니 or 강아지
1060,2023-10-25 09:35,"[로드킬] 공군부대 사거리~ 시내쪽으로 나오는  길에 다원캠핑(카) 앞 도로, 고양이 사체",고양이
1061,2023-10-25 15:04,"[로드킬]워싱턴 모델 위에 세븐 일레븐 뒤에 숲풀사이 인도, 고양이 사체 ",고양이
1062,2023-10-25 15:50,"강릉~주문진방향, 주문진 읍사무소 우회전 직전 도로에 진돗개사체 ",개
1063,2023-10-26 15:45,옥천동 임영사거리 엘지전자 바로 앞 고양이 로드킬 ,고양이
1064,2023-10-26 15:46,고양이 로드킬-율곡로 2853 lg베스트전자 앞 도로 ,고양이
1065,2023-10-26 17:07,청설모 로드킬 -> 강문해변 용궁사우나 (창해로 343-1호) 바로 앞 도로변 ,청솔모
1066,2023-10-26 17:56,로드킬신고.입암동 대목아파트다동 고양이사체있음,고양이
1067,2023-10-27 10:07,동물사체 왕산터널 지나서 왕산쪽으로 좌측 ,불명
1068,2023-10-27 13:04,고양이 사체 성산 숲속집에서 성산 안쪽으로 들어 가다 보면 보임 ,고양이
1069,2023-10-27 17:37,고양이사체 강릉중앙감리교회> 초당동 쪽 가는 길목 ,고양이
1070,2023-10-31 10:14,"연곡~주문진방향 7번국도상, 한농농자재 가게 못가서 차선 가운데 고양이사체 있다고함.",고양이
1071,2023-10-31 11:15,주문진초등학교 삼덕분교장 복사꽃 마을 간판 보이는 곳 조금만 가면 고양이 사체 있음,고양이
1072,2023-10-31 14:27,명주로77번길 16 //적십사거리 근,고양이
1073,2023-11-01 09:10,"[로드킬] 고양이, 남강초등학교 혜성맨션 앞 도로",고양이
1074,2023-11-01 18:00,7번국도(법원~시청방향)강릉원주대 입구 신호등 못미처 중앙분리대쪽에 고양이로드킬.,고양이
1075,2023-11-02 10:11,의료원 방향 가로수화단쪽에 너구리 사체가있음.  입구에서 시내방향으로,너구리
1076,2023-11-02 11:52,로드킬 -> 법원에서 시청 방향 원주대입구쪽 중앙분리대 고양이 로드킬,고양이
1077,2023-11-02 14:20,개가 치어서 사체 / 구정면 금강리 1538 ,개
1078,2023-11-02 14:50,내곡동 관대길 36 시유편의점 건너편 고양이 사체 ,고양이
1079,2023-11-02 15:38,동물사체 신고 . 관대길38. 1층 자유pc방 앞.,불명
1080,2023-11-03 08:40,남강릉ic나와서  농심물류센터 부근 동물사체,불명
1081,2023-11-03 08:45,"[로드킬] 고양이, 중앙 교회 회전교차로 에서 중앙교회 주차장 들어가는 첫번째 입구 ",고양이
1082,2023-11-03 09:06,길가에 고양이 사체 원대로 30번길 5-1 대문앞 교1동,고양이
1083,2023-11-03 09:12,"로드킬 신고 - 위치 : 종합운동장에서 경포로 나가는 회전교차로 있는 쪽, 강릉중앙교회 쪽 횡단보도에 검은 고양이 사체  ",고양이
1084,2023-11-08 08:57,로드킬 -> 동아오트카 맞은편 막둥이네반찬가게(화부산로 12-3) 고양이 로드킬,고양이
1085,2023-11-08 09:21,로드킬 - 율곡초 정문앞에 고양이 사체 ,고양이
1086,2023-11-08 09:25,율곡초앞 길거리 고양이 사체 하이빌하고 학교 사이 ,고양이
1087,2023-11-08 14:30,"사임당로 과학단지~유천방향, 리더스 골프장 조금 못가서 고양이 사체, ",고양이
1088,2023-11-08 16:26,동물사체-원대로 22 성풍빌딩 1차로 대로변,불명
1089,2023-11-10 10:16,"[로드킬] 오봉저수지~왕산대리기 가는 도로, 고양이 사체",고양이
1090,2023-11-13 11:10,"[로드킬]7번국도 동해1터널 지나 정동진가는 방향 정동진삼거리 직전, 고라니 사체",고라니
1091,2023-11-13 16:38,"[로드킬] 병산동 성덕로 126, 남강릉현대서비스 도로앞 고양이 사체 ",고양이
1092,2023-11-13 16:39,병산동 남강릉 현대자동차 앞 도로에 고양이 사체,고양이
1093,2023-11-14 08:30,"남강릉ic~s오일주유소 부근, 노루사체",노루
1094,2023-11-14 08:32,"[로드킬]남강릉 농심물류센터에서 조금 올라가면 반대편 차선, 고라니 사체",고라니
1095,2023-11-14 08:36,[로드킬]남강릉ic나와서  농심물류센터 부근 동물사체,불명
1096,2023-11-14 09:15,남강릉ic~s-오일부근 고라니사체,고라니
1097,2023-11-14 13:21,고라니 사체 - 즈므과학단지에서 원주대 치대 위쪽 로타리 가기 800m전 도로에 있음,고라니
1098,2023-11-14 14:52,"교1동 , ok스크린골프 앞도로 고양이사체 ",고양이
1099,2023-11-15 12:58,"[로드킬]유천동, 동해방향 7번국도 소방서 가기직전 중앙분리대 ,고양이사체",고양이
1100,2023-11-15 17:49,로드킬신고.터미널5거리 워싱턴모텔앞 도로.,불명
1101,2023-11-17 08:57,고양이 사체 신리천로 322 인근 ,고양이
1102,2023-11-17 09:04,도로변에 청솔모 사체//입암동 원예본점 강남촌식당  주차장,청솔모
1103,2023-11-17 09:42,"7번국도에서 자이 아파트 지나서 큰사거리 지나서 좀더 가면 (정동진방향)  , 오른쪽으로 모산으로 빠지기전 그 사잇길 고양이 사체 ",고양이
1104,2023-11-17 18:06,제일은행입구 인구에 고양이 사체있음.,고양이
1105,2023-11-20 10:28,들고양이 사체 경포 소방서 버스정류장 ,고양이
1106,2023-11-20 18:13,다친 고라니 도움요청.소금강추어탕 가는 방향 2차선도로위에 있음.,고라니
1107,2023-11-21 09:03,농산물시장에서 강동면사무소 가는 방향 회전교차로 가기 전 굴다리 부근,불명
1108,2023-11-21 12:13,다친 너구리 도움 요청.사천면 미조리 버스종점 앞에 슬라브지붕 집있음. 그집 옆쪽에 나무밑에 있음,너구리
1109,2023-11-24 08:44,[로드킬]동해1터널 가기전 우측 고라니 사체,고라니
1110,2023-11-24 08:52,"고양이사체, 동해대로3419 주문진=> 강릉방향, 한밭교차로/송원웨딩홀 건너편",고양이
1111,2023-11-24 10:33,새끼고양이사체 신고.강일여고 정문 옆쪽에 삼성서비스센터 바로앞 도로.,고양이
1112,2023-11-24 16:09,주문삼거리 도로 매가 다쳐서 도로 위에 있음. ,매
1113,2023-11-24 16:41,"베란다 창문에 비둘기가 부딪혀서 떨어졌음. , 연곡면 해안로 1194 ",비둘기
1114,2023-11-27 09:00,"고양이사체 - 주문진~장덕리 삼덕분교장 그쪽 가기 전에, 메기촌 식당 50m 정도 가야함",고양이
1115,2023-11-27 15:19,강릉 과학단지 내 벤처2공장 바로 뒤편에 꿩 로드킬 ,꿩
1116,2023-11-28 08:59,"교통과, 로드킬 노루인지 사슴인지 모르겠음. 사천아산병원가기전 GS주유소 앞,  차 들어오는 입구 길옆",노루 or 사슴
1117,2023-11-28 12:52,강동면 안인 초가집가기전,오소리
1118,2023-11-29 08:32,"7번국도 옥계방향, 안인삼거리 전 다리(상시교)지나기 전, 고라니 사체",고라니
1119,2023-11-29 18:09,고양이 로드킬신고.구정 삼교리동치미 막국수 입구 건너편도로(테라로사 방향),고양이
1120,2023-11-30 16:20,고양이사체 처리.임당회전교차로에서 교동꽃화원 방향 도로에 새끼고양이 사체 있음.,고양이
1121,2023-12-01 08:55,장덕리 은행나무 전 노동교 다리 못미쳐서 사체있다고 하심.,불명
1122,2023-12-01 11:51,(로드킬)한솔초등학교 사거리에서 경포 방향  고양이 로드킬,고양이
1123,2023-12-01 18:11,고양이사체 처리요청.경포로15번길6-10 리틀비틀키즈카페 앞에 있음.,고양이
1124,2023-12-05 09:55,"고라니사체 신고.옥계한라시멘트 지나서(동해방향), 도직 교차로 도착전쯤에 있음.",고라니
1125,2023-12-06 10:02,치대 건너편 소나무 공원 내리막길 가로수 사이에 비둘기 사체,비둘기
1126,2023-12-06 14:36,"경포호수 조류전망대에서 벛꽃길로 나가는데 황새,백로 한마리가 다리가다쳐서 바위같은데 앉아있음",황새 or 백로
1127,2023-12-07 08:51,"구정하나로마트~테라로사 방향, 굴다리 넘으면 우측에 강릉고시원 들어가는 골목입구, 강아지사체",강아지
1128,2023-12-08 16:57,"강릉 ywca 앞, 고양이사체",고양이
1129,2023-12-08 16:59,종합운동장/ 이마트 24 맞은편 쪽에 라인에 고양이가 로드킬   ,고양이
1130,2023-12-08 17:28,고양이사체  신고.종합운동장에서 자이아파트 분양홍보관 방향도로 1차선에 있음.,고양이
1131,2023-12-13 08:57,노암대림~오르막길 우측 교회 있고 초가집 남산 차일드 유 영어학원 올라가는 길  넘어가는 고양이 사체,고양이
1132,2023-12-14 13:20,시청 앞 비둘기 사체가 있어서 치워주길 요청 시위하시는 분들 건너편 횡단보도 있는 곳 철조망 앞,비둘기
1133,2023-12-14 15:09,솔올로 67,고양이
1134,2023-12-15 08:58,"로드길 옥계 한라시멘트쪽에서 강릉방향으로 오다보면  주수교 오기전에 있음 , , 고라니 ",고라니
1135,2023-12-19 08:43,"7번국도 강릉방향, 동해1터널 나와서100미터 진행하면 고라니사체 ",고라니
1136,2023-12-19 13:03,"사천병원에서 주문진방향으로 1키로 가면 , 고라니 있음.  중앙분리대사이",고라니
1137,2023-12-19 14:06,[로드킬]비둘기 사체 안목바닷가 브라보칼국수와 파트아트펜션사이 바닷가쪽 도로,비둘기
1138,2023-12-19 15:09,"고양이 한마리가  치어죽음. 중앙시장 2길 44 앞에 도로, 봉투에 담아서 옆에두었음.그린두부 가게앞에 봉투에 담아서 옆에두었음.  ",고양이
1139,2023-12-19 16:37,고양이사체 명주로 17번길 22  해람중학교 뒤편 삼보만물경매장 근처라고함,고양이
1140,2023-12-19 17:37,로드킬 -> 회산 이놈의커피 바로 앞 도로변 고양이 로드킬 ,고양이
1141,2023-12-19 17:40,다친 야생동물 도움 요청.로드세븐 카페에서 뒷쪽으로100m전구간에 다친야생동물있음,불명
1142,2023-12-19 18:01,다친 야생동물 도움 요청.관동대학교 회전교차로~7번국도가는 방향의 중간지점.,불명
1143,2023-12-19 18:12,로드킬신고.내곡동 신화건설 앞쪽도로.,불명
1144,2023-12-21 09:52,성덕로 97 바로앞 도로변 고양이 로드킬,고양이
1145,2023-12-21 09:55,도로에 길고양이 죽어있음. 병산동 예당간장 가게앞에 사거리 횡단보도에 있음. 인도쪽으로 올려 놓음  ,고양이
1146,2023-12-22 09:12,도로에 고라니 사체 북강릉 아이씨 ,고라니
1147,2023-12-22 10:04,고양이 로드킬 ( 주문진 코리아모텔 옆에 파도식당 길건너 치워놓았음)  ,고양이
1148,2023-12-22 16:21,"시청에서 터미널오거리 방향, 속초방면으로 좌회전 직전 도로 한가운데 청둥오리 한마리가 뒤집어져 버둥거리고 있다고 연락주심.",청둥오리
1149,2023-12-27 09:59,로드킬 -> 병무청에서 청량동 회전교차로 가는 방향 도로변 ,불명
1150,2023-12-28 13:48,고라니 사체 - 구정면 학산리 범일로 117-9 집 뒤 배수로 죽어있음,고라니
1151,2023-12-29 10:41,고양이사체 시청에서 세로카페 근처,고양이
1152,2023-12-29 10:51,"옥계면 헌화로 449-6,  너구리와 고양이옥계횟집 뒷편이라고 하심","너구리, 고양이"